--
-- PostgreSQL database dump
--

-- Dumped from database version 13.18 (Debian 13.18-1.pgdg120+1)
-- Dumped by pg_dump version 13.18 (Debian 13.18-1.pgdg120+1)

SET statement_timeout = 0;
SET lock_timeout = 0;
SET idle_in_transaction_session_timeout = 0;
SET client_encoding = 'UTF8';
SET standard_conforming_strings = on;
SELECT pg_catalog.set_config('search_path', '', false);
SET check_function_bodies = false;
SET xmloption = content;
SET client_min_messages = warning;
SET row_security = off;

SET default_tablespace = '';

SET default_table_access_method = heap;

--
-- Name: accounts_customuser; Type: TABLE; Schema: public; Owner: esl_user
--

CREATE TABLE public.accounts_customuser (
    id bigint NOT NULL,
    password character varying(128) NOT NULL,
    last_login timestamp with time zone,
    is_superuser boolean NOT NULL,
    username character varying(150) NOT NULL,
    first_name character varying(150) NOT NULL,
    last_name character varying(150) NOT NULL,
    email character varying(254) NOT NULL,
    is_staff boolean NOT NULL,
    is_active boolean NOT NULL,
    date_joined timestamp with time zone NOT NULL,
    role character varying(10) NOT NULL
);


ALTER TABLE public.accounts_customuser OWNER TO esl_user;

--
-- Name: accounts_customuser_groups; Type: TABLE; Schema: public; Owner: esl_user
--

CREATE TABLE public.accounts_customuser_groups (
    id bigint NOT NULL,
    customuser_id bigint NOT NULL,
    group_id integer NOT NULL
);


ALTER TABLE public.accounts_customuser_groups OWNER TO esl_user;

--
-- Name: accounts_customuser_groups_id_seq; Type: SEQUENCE; Schema: public; Owner: esl_user
--

ALTER TABLE public.accounts_customuser_groups ALTER COLUMN id ADD GENERATED BY DEFAULT AS IDENTITY (
    SEQUENCE NAME public.accounts_customuser_groups_id_seq
    START WITH 1
    INCREMENT BY 1
    NO MINVALUE
    NO MAXVALUE
    CACHE 1
);


--
-- Name: accounts_customuser_id_seq; Type: SEQUENCE; Schema: public; Owner: esl_user
--

ALTER TABLE public.accounts_customuser ALTER COLUMN id ADD GENERATED BY DEFAULT AS IDENTITY (
    SEQUENCE NAME public.accounts_customuser_id_seq
    START WITH 1
    INCREMENT BY 1
    NO MINVALUE
    NO MAXVALUE
    CACHE 1
);


--
-- Name: accounts_customuser_user_permissions; Type: TABLE; Schema: public; Owner: esl_user
--

CREATE TABLE public.accounts_customuser_user_permissions (
    id bigint NOT NULL,
    customuser_id bigint NOT NULL,
    permission_id integer NOT NULL
);


ALTER TABLE public.accounts_customuser_user_permissions OWNER TO esl_user;

--
-- Name: accounts_customuser_user_permissions_id_seq; Type: SEQUENCE; Schema: public; Owner: esl_user
--

ALTER TABLE public.accounts_customuser_user_permissions ALTER COLUMN id ADD GENERATED BY DEFAULT AS IDENTITY (
    SEQUENCE NAME public.accounts_customuser_user_permissions_id_seq
    START WITH 1
    INCREMENT BY 1
    NO MINVALUE
    NO MAXVALUE
    CACHE 1
);


--
-- Name: accounts_emailconfirmation; Type: TABLE; Schema: public; Owner: esl_user
--

CREATE TABLE public.accounts_emailconfirmation (
    id bigint NOT NULL,
    token uuid NOT NULL,
    created_at timestamp with time zone NOT NULL,
    confirmed_at timestamp with time zone,
    user_id bigint NOT NULL
);


ALTER TABLE public.accounts_emailconfirmation OWNER TO esl_user;

--
-- Name: accounts_emailconfirmation_id_seq; Type: SEQUENCE; Schema: public; Owner: esl_user
--

ALTER TABLE public.accounts_emailconfirmation ALTER COLUMN id ADD GENERATED BY DEFAULT AS IDENTITY (
    SEQUENCE NAME public.accounts_emailconfirmation_id_seq
    START WITH 1
    INCREMENT BY 1
    NO MINVALUE
    NO MAXVALUE
    CACHE 1
);


--
-- Name: accounts_passwordresettoken; Type: TABLE; Schema: public; Owner: esl_user
--

CREATE TABLE public.accounts_passwordresettoken (
    id bigint NOT NULL,
    token uuid NOT NULL,
    created_at timestamp with time zone NOT NULL,
    used boolean NOT NULL,
    user_id bigint NOT NULL
);


ALTER TABLE public.accounts_passwordresettoken OWNER TO esl_user;

--
-- Name: accounts_passwordresettoken_id_seq; Type: SEQUENCE; Schema: public; Owner: esl_user
--

ALTER TABLE public.accounts_passwordresettoken ALTER COLUMN id ADD GENERATED BY DEFAULT AS IDENTITY (
    SEQUENCE NAME public.accounts_passwordresettoken_id_seq
    START WITH 1
    INCREMENT BY 1
    NO MINVALUE
    NO MAXVALUE
    CACHE 1
);


--
-- Name: auth_group; Type: TABLE; Schema: public; Owner: esl_user
--

CREATE TABLE public.auth_group (
    id integer NOT NULL,
    name character varying(150) NOT NULL
);


ALTER TABLE public.auth_group OWNER TO esl_user;

--
-- Name: auth_group_id_seq; Type: SEQUENCE; Schema: public; Owner: esl_user
--

ALTER TABLE public.auth_group ALTER COLUMN id ADD GENERATED BY DEFAULT AS IDENTITY (
    SEQUENCE NAME public.auth_group_id_seq
    START WITH 1
    INCREMENT BY 1
    NO MINVALUE
    NO MAXVALUE
    CACHE 1
);


--
-- Name: auth_group_permissions; Type: TABLE; Schema: public; Owner: esl_user
--

CREATE TABLE public.auth_group_permissions (
    id bigint NOT NULL,
    group_id integer NOT NULL,
    permission_id integer NOT NULL
);


ALTER TABLE public.auth_group_permissions OWNER TO esl_user;

--
-- Name: auth_group_permissions_id_seq; Type: SEQUENCE; Schema: public; Owner: esl_user
--

ALTER TABLE public.auth_group_permissions ALTER COLUMN id ADD GENERATED BY DEFAULT AS IDENTITY (
    SEQUENCE NAME public.auth_group_permissions_id_seq
    START WITH 1
    INCREMENT BY 1
    NO MINVALUE
    NO MAXVALUE
    CACHE 1
);


--
-- Name: auth_permission; Type: TABLE; Schema: public; Owner: esl_user
--

CREATE TABLE public.auth_permission (
    id integer NOT NULL,
    name character varying(255) NOT NULL,
    content_type_id integer NOT NULL,
    codename character varying(100) NOT NULL
);


ALTER TABLE public.auth_permission OWNER TO esl_user;

--
-- Name: auth_permission_id_seq; Type: SEQUENCE; Schema: public; Owner: esl_user
--

ALTER TABLE public.auth_permission ALTER COLUMN id ADD GENERATED BY DEFAULT AS IDENTITY (
    SEQUENCE NAME public.auth_permission_id_seq
    START WITH 1
    INCREMENT BY 1
    NO MINVALUE
    NO MAXVALUE
    CACHE 1
);


--
-- Name: chat_chatroom; Type: TABLE; Schema: public; Owner: esl_user
--

CREATE TABLE public.chat_chatroom (
    id bigint NOT NULL,
    topic character varying(20) NOT NULL,
    messages jsonb NOT NULL,
    created_at timestamp with time zone NOT NULL,
    user_id bigint NOT NULL
);


ALTER TABLE public.chat_chatroom OWNER TO esl_user;

--
-- Name: chat_chatroom_id_seq; Type: SEQUENCE; Schema: public; Owner: esl_user
--

ALTER TABLE public.chat_chatroom ALTER COLUMN id ADD GENERATED BY DEFAULT AS IDENTITY (
    SEQUENCE NAME public.chat_chatroom_id_seq
    START WITH 1
    INCREMENT BY 1
    NO MINVALUE
    NO MAXVALUE
    CACHE 1
);


--
-- Name: conversation_voiceconversation; Type: TABLE; Schema: public; Owner: esl_user
--

CREATE TABLE public.conversation_voiceconversation (
    id bigint NOT NULL,
    created_at timestamp with time zone NOT NULL,
    total_messages integer NOT NULL,
    user_id bigint NOT NULL,
    topic character varying(50) NOT NULL
);


ALTER TABLE public.conversation_voiceconversation OWNER TO esl_user;

--
-- Name: conversation_voiceconversation_id_seq; Type: SEQUENCE; Schema: public; Owner: esl_user
--

ALTER TABLE public.conversation_voiceconversation ALTER COLUMN id ADD GENERATED BY DEFAULT AS IDENTITY (
    SEQUENCE NAME public.conversation_voiceconversation_id_seq
    START WITH 1
    INCREMENT BY 1
    NO MINVALUE
    NO MAXVALUE
    CACHE 1
);


--
-- Name: conversation_voicemessage; Type: TABLE; Schema: public; Owner: esl_user
--

CREATE TABLE public.conversation_voicemessage (
    id bigint NOT NULL,
    role character varying(20) NOT NULL,
    text text NOT NULL,
    created_at timestamp with time zone NOT NULL,
    conversation_id bigint NOT NULL
);


ALTER TABLE public.conversation_voicemessage OWNER TO esl_user;

--
-- Name: conversation_voicemessage_id_seq; Type: SEQUENCE; Schema: public; Owner: esl_user
--

ALTER TABLE public.conversation_voicemessage ALTER COLUMN id ADD GENERATED BY DEFAULT AS IDENTITY (
    SEQUENCE NAME public.conversation_voicemessage_id_seq
    START WITH 1
    INCREMENT BY 1
    NO MINVALUE
    NO MAXVALUE
    CACHE 1
);


--
-- Name: django_admin_log; Type: TABLE; Schema: public; Owner: esl_user
--

CREATE TABLE public.django_admin_log (
    id integer NOT NULL,
    action_time timestamp with time zone NOT NULL,
    object_id text,
    object_repr character varying(200) NOT NULL,
    action_flag smallint NOT NULL,
    change_message text NOT NULL,
    content_type_id integer,
    user_id bigint NOT NULL,
    CONSTRAINT django_admin_log_action_flag_check CHECK ((action_flag >= 0))
);


ALTER TABLE public.django_admin_log OWNER TO esl_user;

--
-- Name: django_admin_log_id_seq; Type: SEQUENCE; Schema: public; Owner: esl_user
--

ALTER TABLE public.django_admin_log ALTER COLUMN id ADD GENERATED BY DEFAULT AS IDENTITY (
    SEQUENCE NAME public.django_admin_log_id_seq
    START WITH 1
    INCREMENT BY 1
    NO MINVALUE
    NO MAXVALUE
    CACHE 1
);


--
-- Name: django_content_type; Type: TABLE; Schema: public; Owner: esl_user
--

CREATE TABLE public.django_content_type (
    id integer NOT NULL,
    app_label character varying(100) NOT NULL,
    model character varying(100) NOT NULL
);


ALTER TABLE public.django_content_type OWNER TO esl_user;

--
-- Name: django_content_type_id_seq; Type: SEQUENCE; Schema: public; Owner: esl_user
--

ALTER TABLE public.django_content_type ALTER COLUMN id ADD GENERATED BY DEFAULT AS IDENTITY (
    SEQUENCE NAME public.django_content_type_id_seq
    START WITH 1
    INCREMENT BY 1
    NO MINVALUE
    NO MAXVALUE
    CACHE 1
);


--
-- Name: django_migrations; Type: TABLE; Schema: public; Owner: esl_user
--

CREATE TABLE public.django_migrations (
    id bigint NOT NULL,
    app character varying(255) NOT NULL,
    name character varying(255) NOT NULL,
    applied timestamp with time zone NOT NULL
);


ALTER TABLE public.django_migrations OWNER TO esl_user;

--
-- Name: django_migrations_id_seq; Type: SEQUENCE; Schema: public; Owner: esl_user
--

ALTER TABLE public.django_migrations ALTER COLUMN id ADD GENERATED BY DEFAULT AS IDENTITY (
    SEQUENCE NAME public.django_migrations_id_seq
    START WITH 1
    INCREMENT BY 1
    NO MINVALUE
    NO MAXVALUE
    CACHE 1
);


--
-- Name: django_session; Type: TABLE; Schema: public; Owner: esl_user
--

CREATE TABLE public.django_session (
    session_key character varying(40) NOT NULL,
    session_data text NOT NULL,
    expire_date timestamp with time zone NOT NULL
);


ALTER TABLE public.django_session OWNER TO esl_user;

--
-- Name: exercises_exercise; Type: TABLE; Schema: public; Owner: esl_user
--

CREATE TABLE public.exercises_exercise (
    id bigint NOT NULL,
    title character varying(255) NOT NULL,
    text text NOT NULL,
    level character varying(15) NOT NULL,
    exercise_type character varying(20) NOT NULL,
    created_at timestamp with time zone NOT NULL,
    creator_id bigint
);


ALTER TABLE public.exercises_exercise OWNER TO esl_user;

--
-- Name: exercises_exercise_id_seq; Type: SEQUENCE; Schema: public; Owner: esl_user
--

ALTER TABLE public.exercises_exercise ALTER COLUMN id ADD GENERATED BY DEFAULT AS IDENTITY (
    SEQUENCE NAME public.exercises_exercise_id_seq
    START WITH 1
    INCREMENT BY 1
    NO MINVALUE
    NO MAXVALUE
    CACHE 1
);


--
-- Name: exercises_exerciseattempt; Type: TABLE; Schema: public; Owner: esl_user
--

CREATE TABLE public.exercises_exerciseattempt (
    id bigint NOT NULL,
    score double precision NOT NULL,
    created_at timestamp with time zone NOT NULL,
    exercise_id bigint NOT NULL,
    user_id bigint NOT NULL
);


ALTER TABLE public.exercises_exerciseattempt OWNER TO esl_user;

--
-- Name: exercises_exerciseattempt_id_seq; Type: SEQUENCE; Schema: public; Owner: esl_user
--

ALTER TABLE public.exercises_exerciseattempt ALTER COLUMN id ADD GENERATED BY DEFAULT AS IDENTITY (
    SEQUENCE NAME public.exercises_exerciseattempt_id_seq
    START WITH 1
    INCREMENT BY 1
    NO MINVALUE
    NO MAXVALUE
    CACHE 1
);


--
-- Name: exercises_exerciseblank; Type: TABLE; Schema: public; Owner: esl_user
--

CREATE TABLE public.exercises_exerciseblank (
    id bigint NOT NULL,
    blank_key character varying(50) NOT NULL,
    correct_answer character varying(100) NOT NULL,
    "position" integer NOT NULL,
    choices jsonb,
    exercise_id bigint NOT NULL,
    CONSTRAINT exercises_exerciseblank_position_check CHECK (("position" >= 0))
);


ALTER TABLE public.exercises_exerciseblank OWNER TO esl_user;

--
-- Name: exercises_exerciseblank_id_seq; Type: SEQUENCE; Schema: public; Owner: esl_user
--

ALTER TABLE public.exercises_exerciseblank ALTER COLUMN id ADD GENERATED BY DEFAULT AS IDENTITY (
    SEQUENCE NAME public.exercises_exerciseblank_id_seq
    START WITH 1
    INCREMENT BY 1
    NO MINVALUE
    NO MAXVALUE
    CACHE 1
);


--
-- Name: pronunciation_mispronouncedword; Type: TABLE; Schema: public; Owner: esl_user
--

CREATE TABLE public.pronunciation_mispronouncedword (
    id bigint NOT NULL,
    word character varying(100) NOT NULL,
    accuracy double precision NOT NULL,
    start_time double precision NOT NULL,
    end_time double precision NOT NULL,
    attempt_id bigint NOT NULL
);


ALTER TABLE public.pronunciation_mispronouncedword OWNER TO esl_user;

--
-- Name: pronunciation_mispronouncedword_id_seq; Type: SEQUENCE; Schema: public; Owner: esl_user
--

ALTER TABLE public.pronunciation_mispronouncedword ALTER COLUMN id ADD GENERATED BY DEFAULT AS IDENTITY (
    SEQUENCE NAME public.pronunciation_mispronouncedword_id_seq
    START WITH 1
    INCREMENT BY 1
    NO MINVALUE
    NO MAXVALUE
    CACHE 1
);


--
-- Name: pronunciation_mispronouncedwordglobal; Type: TABLE; Schema: public; Owner: esl_user
--

CREATE TABLE public.pronunciation_mispronouncedwordglobal (
    id bigint NOT NULL,
    word character varying(100) NOT NULL,
    accuracy double precision NOT NULL,
    created_at timestamp with time zone NOT NULL,
    user_id bigint NOT NULL,
    expire_after_minutes integer NOT NULL,
    reached_threshold_at timestamp with time zone,
    CONSTRAINT pronunciation_mispronouncedwordgloba_expire_after_minutes_check CHECK ((expire_after_minutes >= 0))
);


ALTER TABLE public.pronunciation_mispronouncedwordglobal OWNER TO esl_user;

--
-- Name: pronunciation_mispronouncedwordglobal_id_seq; Type: SEQUENCE; Schema: public; Owner: esl_user
--

ALTER TABLE public.pronunciation_mispronouncedwordglobal ALTER COLUMN id ADD GENERATED BY DEFAULT AS IDENTITY (
    SEQUENCE NAME public.pronunciation_mispronouncedwordglobal_id_seq
    START WITH 1
    INCREMENT BY 1
    NO MINVALUE
    NO MAXVALUE
    CACHE 1
);


--
-- Name: pronunciation_pronunciationattempt; Type: TABLE; Schema: public; Owner: esl_user
--

CREATE TABLE public.pronunciation_pronunciationattempt (
    id bigint NOT NULL,
    score double precision NOT NULL,
    recognized_text text NOT NULL,
    created_at timestamp with time zone NOT NULL,
    user_id bigint NOT NULL,
    exercise_id bigint NOT NULL
);


ALTER TABLE public.pronunciation_pronunciationattempt OWNER TO esl_user;

--
-- Name: pronunciation_pronunciationattempt_id_seq; Type: SEQUENCE; Schema: public; Owner: esl_user
--

ALTER TABLE public.pronunciation_pronunciationattempt ALTER COLUMN id ADD GENERATED BY DEFAULT AS IDENTITY (
    SEQUENCE NAME public.pronunciation_pronunciationattempt_id_seq
    START WITH 1
    INCREMENT BY 1
    NO MINVALUE
    NO MAXVALUE
    CACHE 1
);


--
-- Name: pronunciation_pronunciationexercise; Type: TABLE; Schema: public; Owner: esl_user
--

CREATE TABLE public.pronunciation_pronunciationexercise (
    id bigint NOT NULL,
    title character varying(200) NOT NULL,
    level character varying(15) NOT NULL,
    text text NOT NULL,
    created_at timestamp with time zone NOT NULL
);


ALTER TABLE public.pronunciation_pronunciationexercise OWNER TO esl_user;

--
-- Name: pronunciation_pronunciationexercise_id_seq; Type: SEQUENCE; Schema: public; Owner: esl_user
--

ALTER TABLE public.pronunciation_pronunciationexercise ALTER COLUMN id ADD GENERATED BY DEFAULT AS IDENTITY (
    SEQUENCE NAME public.pronunciation_pronunciationexercise_id_seq
    START WITH 1
    INCREMENT BY 1
    NO MINVALUE
    NO MAXVALUE
    CACHE 1
);


--
-- Name: stats_achievement; Type: TABLE; Schema: public; Owner: esl_user
--

CREATE TABLE public.stats_achievement (
    id bigint NOT NULL,
    code character varying(50) NOT NULL,
    name character varying(100) NOT NULL,
    description text NOT NULL,
    xp_threshold integer NOT NULL,
    CONSTRAINT stats_achievement_xp_threshold_check CHECK ((xp_threshold >= 0))
);


ALTER TABLE public.stats_achievement OWNER TO esl_user;

--
-- Name: stats_achievement_id_seq; Type: SEQUENCE; Schema: public; Owner: esl_user
--

ALTER TABLE public.stats_achievement ALTER COLUMN id ADD GENERATED BY DEFAULT AS IDENTITY (
    SEQUENCE NAME public.stats_achievement_id_seq
    START WITH 1
    INCREMENT BY 1
    NO MINVALUE
    NO MAXVALUE
    CACHE 1
);


--
-- Name: stats_eventlog; Type: TABLE; Schema: public; Owner: esl_user
--

CREATE TABLE public.stats_eventlog (
    id bigint NOT NULL,
    event_type character varying(50) NOT NULL,
    "timestamp" timestamp with time zone NOT NULL,
    user_id bigint NOT NULL
);


ALTER TABLE public.stats_eventlog OWNER TO esl_user;

--
-- Name: stats_eventlog_id_seq; Type: SEQUENCE; Schema: public; Owner: esl_user
--

ALTER TABLE public.stats_eventlog ALTER COLUMN id ADD GENERATED BY DEFAULT AS IDENTITY (
    SEQUENCE NAME public.stats_eventlog_id_seq
    START WITH 1
    INCREMENT BY 1
    NO MINVALUE
    NO MAXVALUE
    CACHE 1
);


--
-- Name: stats_unlockedachievement; Type: TABLE; Schema: public; Owner: esl_user
--

CREATE TABLE public.stats_unlockedachievement (
    id bigint NOT NULL,
    unlocked_at timestamp with time zone NOT NULL,
    achievement_id bigint NOT NULL,
    user_progress_id bigint NOT NULL
);


ALTER TABLE public.stats_unlockedachievement OWNER TO esl_user;

--
-- Name: stats_unlockedachievement_id_seq; Type: SEQUENCE; Schema: public; Owner: esl_user
--

ALTER TABLE public.stats_unlockedachievement ALTER COLUMN id ADD GENERATED BY DEFAULT AS IDENTITY (
    SEQUENCE NAME public.stats_unlockedachievement_id_seq
    START WITH 1
    INCREMENT BY 1
    NO MINVALUE
    NO MAXVALUE
    CACHE 1
);


--
-- Name: stats_userprogress; Type: TABLE; Schema: public; Owner: esl_user
--

CREATE TABLE public.stats_userprogress (
    id bigint NOT NULL,
    xp integer NOT NULL,
    user_id bigint NOT NULL,
    CONSTRAINT stats_userprogress_xp_check CHECK ((xp >= 0))
);


ALTER TABLE public.stats_userprogress OWNER TO esl_user;

--
-- Name: stats_userprogress_id_seq; Type: SEQUENCE; Schema: public; Owner: esl_user
--

ALTER TABLE public.stats_userprogress ALTER COLUMN id ADD GENERATED BY DEFAULT AS IDENTITY (
    SEQUENCE NAME public.stats_userprogress_id_seq
    START WITH 1
    INCREMENT BY 1
    NO MINVALUE
    NO MAXVALUE
    CACHE 1
);


--
-- Name: subscriptions_plan; Type: TABLE; Schema: public; Owner: esl_user
--

CREATE TABLE public.subscriptions_plan (
    id bigint NOT NULL,
    name character varying(50) NOT NULL,
    description text NOT NULL,
    max_requests_per_day integer NOT NULL,
    allow_gpt4 boolean NOT NULL
);


ALTER TABLE public.subscriptions_plan OWNER TO esl_user;

--
-- Name: subscriptions_plan_id_seq; Type: SEQUENCE; Schema: public; Owner: esl_user
--

ALTER TABLE public.subscriptions_plan ALTER COLUMN id ADD GENERATED BY DEFAULT AS IDENTITY (
    SEQUENCE NAME public.subscriptions_plan_id_seq
    START WITH 1
    INCREMENT BY 1
    NO MINVALUE
    NO MAXVALUE
    CACHE 1
);


--
-- Name: subscriptions_usersubscription; Type: TABLE; Schema: public; Owner: esl_user
--

CREATE TABLE public.subscriptions_usersubscription (
    id bigint NOT NULL,
    plan_id bigint NOT NULL,
    user_id bigint NOT NULL
);


ALTER TABLE public.subscriptions_usersubscription OWNER TO esl_user;

--
-- Name: subscriptions_usersubscription_id_seq; Type: SEQUENCE; Schema: public; Owner: esl_user
--

ALTER TABLE public.subscriptions_usersubscription ALTER COLUMN id ADD GENERATED BY DEFAULT AS IDENTITY (
    SEQUENCE NAME public.subscriptions_usersubscription_id_seq
    START WITH 1
    INCREMENT BY 1
    NO MINVALUE
    NO MAXVALUE
    CACHE 1
);


--
-- Name: token_blacklist_blacklistedtoken; Type: TABLE; Schema: public; Owner: esl_user
--

CREATE TABLE public.token_blacklist_blacklistedtoken (
    id bigint NOT NULL,
    blacklisted_at timestamp with time zone NOT NULL,
    token_id bigint NOT NULL
);


ALTER TABLE public.token_blacklist_blacklistedtoken OWNER TO esl_user;

--
-- Name: token_blacklist_blacklistedtoken_id_seq; Type: SEQUENCE; Schema: public; Owner: esl_user
--

ALTER TABLE public.token_blacklist_blacklistedtoken ALTER COLUMN id ADD GENERATED BY DEFAULT AS IDENTITY (
    SEQUENCE NAME public.token_blacklist_blacklistedtoken_id_seq
    START WITH 1
    INCREMENT BY 1
    NO MINVALUE
    NO MAXVALUE
    CACHE 1
);


--
-- Name: token_blacklist_outstandingtoken; Type: TABLE; Schema: public; Owner: esl_user
--

CREATE TABLE public.token_blacklist_outstandingtoken (
    id bigint NOT NULL,
    token text NOT NULL,
    created_at timestamp with time zone,
    expires_at timestamp with time zone NOT NULL,
    user_id bigint,
    jti character varying(255) NOT NULL
);


ALTER TABLE public.token_blacklist_outstandingtoken OWNER TO esl_user;

--
-- Name: token_blacklist_outstandingtoken_id_seq; Type: SEQUENCE; Schema: public; Owner: esl_user
--

ALTER TABLE public.token_blacklist_outstandingtoken ALTER COLUMN id ADD GENERATED BY DEFAULT AS IDENTITY (
    SEQUENCE NAME public.token_blacklist_outstandingtoken_id_seq
    START WITH 1
    INCREMENT BY 1
    NO MINVALUE
    NO MAXVALUE
    CACHE 1
);


--
-- Data for Name: accounts_customuser; Type: TABLE DATA; Schema: public; Owner: esl_user
--

COPY public.accounts_customuser (id, password, last_login, is_superuser, username, first_name, last_name, email, is_staff, is_active, date_joined, role) FROM stdin;
1	pbkdf2_sha256$870000$htfpahc1i6yw79OMZC4zhk$lHwb0U775GbVG1BhRipV0erM4eKEMnol//SMK9SVy2s=	2025-01-16 04:26:22.592844+00	t	root			rafaelrafael8879@gmail.com	t	t	2025-01-15 20:23:25.378958+00	student
7	pbkdf2_sha256$870000$5G6M6mv7sA3vZ4O5KaDK9q$oBptdHI5LaPCjY+Drpb1QAhsv65WcodaFYl2yjmK98Q=	\N	f	rafael			dzhabrailovrafael@gmail.com	f	t	2025-01-16 05:30:51.475305+00	student
8	pbkdf2_sha256$870000$rqroXfjNEvSpriESeLRpPq$km+AU19hUh8gE1Kh9pcLc5J4U6rqOLOeA1THn0Kpi78=	\N	f	Iana			yanamihailovna1997@gmail.com	f	t	2025-01-16 05:35:58.372437+00	student
\.


--
-- Data for Name: accounts_customuser_groups; Type: TABLE DATA; Schema: public; Owner: esl_user
--

COPY public.accounts_customuser_groups (id, customuser_id, group_id) FROM stdin;
\.


--
-- Data for Name: accounts_customuser_user_permissions; Type: TABLE DATA; Schema: public; Owner: esl_user
--

COPY public.accounts_customuser_user_permissions (id, customuser_id, permission_id) FROM stdin;
\.


--
-- Data for Name: accounts_emailconfirmation; Type: TABLE DATA; Schema: public; Owner: esl_user
--

COPY public.accounts_emailconfirmation (id, token, created_at, confirmed_at, user_id) FROM stdin;
6	cf0bbf3a-b2db-4906-8fd1-91695030f656	2025-01-16 05:30:52.330672+00	2025-01-16 05:31:10.766526+00	7
7	3e013367-c3b7-49b9-975c-245ecd436cec	2025-01-16 05:35:59.282799+00	2025-01-16 05:36:23.667003+00	8
\.


--
-- Data for Name: accounts_passwordresettoken; Type: TABLE DATA; Schema: public; Owner: esl_user
--

COPY public.accounts_passwordresettoken (id, token, created_at, used, user_id) FROM stdin;
3	038f420e-14c3-484a-8cae-cdce227987e3	2025-01-16 05:32:11.963244+00	t	7
\.


--
-- Data for Name: auth_group; Type: TABLE DATA; Schema: public; Owner: esl_user
--

COPY public.auth_group (id, name) FROM stdin;
\.


--
-- Data for Name: auth_group_permissions; Type: TABLE DATA; Schema: public; Owner: esl_user
--

COPY public.auth_group_permissions (id, group_id, permission_id) FROM stdin;
\.


--
-- Data for Name: auth_permission; Type: TABLE DATA; Schema: public; Owner: esl_user
--

COPY public.auth_permission (id, name, content_type_id, codename) FROM stdin;
1	Can add log entry	1	add_logentry
2	Can change log entry	1	change_logentry
3	Can delete log entry	1	delete_logentry
4	Can view log entry	1	view_logentry
5	Can add permission	2	add_permission
6	Can change permission	2	change_permission
7	Can delete permission	2	delete_permission
8	Can view permission	2	view_permission
9	Can add group	3	add_group
10	Can change group	3	change_group
11	Can delete group	3	delete_group
12	Can view group	3	view_group
13	Can add content type	4	add_contenttype
14	Can change content type	4	change_contenttype
15	Can delete content type	4	delete_contenttype
16	Can view content type	4	view_contenttype
17	Can add session	5	add_session
18	Can change session	5	change_session
19	Can delete session	5	delete_session
20	Can view session	5	view_session
21	Can add blacklisted token	6	add_blacklistedtoken
22	Can change blacklisted token	6	change_blacklistedtoken
23	Can delete blacklisted token	6	delete_blacklistedtoken
24	Can view blacklisted token	6	view_blacklistedtoken
25	Can add outstanding token	7	add_outstandingtoken
26	Can change outstanding token	7	change_outstandingtoken
27	Can delete outstanding token	7	delete_outstandingtoken
28	Can view outstanding token	7	view_outstandingtoken
29	Can add user	8	add_customuser
30	Can change user	8	change_customuser
31	Can delete user	8	delete_customuser
32	Can view user	8	view_customuser
33	Can add email confirmation	9	add_emailconfirmation
34	Can change email confirmation	9	change_emailconfirmation
35	Can delete email confirmation	9	delete_emailconfirmation
36	Can view email confirmation	9	view_emailconfirmation
37	Can add password reset token	10	add_passwordresettoken
38	Can change password reset token	10	change_passwordresettoken
39	Can delete password reset token	10	delete_passwordresettoken
40	Can view password reset token	10	view_passwordresettoken
41	Can add exercise	11	add_exercise
42	Can change exercise	11	change_exercise
43	Can delete exercise	11	delete_exercise
44	Can view exercise	11	view_exercise
45	Can add exercise attempt	12	add_exerciseattempt
46	Can change exercise attempt	12	change_exerciseattempt
47	Can delete exercise attempt	12	delete_exerciseattempt
48	Can view exercise attempt	12	view_exerciseattempt
49	Can add exercise blank	13	add_exerciseblank
50	Can change exercise blank	13	change_exerciseblank
51	Can delete exercise blank	13	delete_exerciseblank
52	Can view exercise blank	13	view_exerciseblank
53	Can add chat room	14	add_chatroom
54	Can change chat room	14	change_chatroom
55	Can delete chat room	14	delete_chatroom
56	Can view chat room	14	view_chatroom
57	Can add voice conversation	15	add_voiceconversation
58	Can change voice conversation	15	change_voiceconversation
59	Can delete voice conversation	15	delete_voiceconversation
60	Can view voice conversation	15	view_voiceconversation
61	Can add voice message	16	add_voicemessage
62	Can change voice message	16	change_voicemessage
63	Can delete voice message	16	delete_voicemessage
64	Can view voice message	16	view_voicemessage
65	Can add plan	17	add_plan
66	Can change plan	17	change_plan
67	Can delete plan	17	delete_plan
68	Can view plan	17	view_plan
69	Can add user subscription	18	add_usersubscription
70	Can change user subscription	18	change_usersubscription
71	Can delete user subscription	18	delete_usersubscription
72	Can view user subscription	18	view_usersubscription
73	Can add pronunciation exercise	19	add_pronunciationexercise
74	Can change pronunciation exercise	19	change_pronunciationexercise
75	Can delete pronunciation exercise	19	delete_pronunciationexercise
76	Can view pronunciation exercise	19	view_pronunciationexercise
77	Can add pronunciation attempt	20	add_pronunciationattempt
78	Can change pronunciation attempt	20	change_pronunciationattempt
79	Can delete pronunciation attempt	20	delete_pronunciationattempt
80	Can view pronunciation attempt	20	view_pronunciationattempt
81	Can add mispronounced word	21	add_mispronouncedword
82	Can change mispronounced word	21	change_mispronouncedword
83	Can delete mispronounced word	21	delete_mispronouncedword
84	Can view mispronounced word	21	view_mispronouncedword
85	Can add mispronounced word global	22	add_mispronouncedwordglobal
86	Can change mispronounced word global	22	change_mispronouncedwordglobal
87	Can delete mispronounced word global	22	delete_mispronouncedwordglobal
88	Can view mispronounced word global	22	view_mispronouncedwordglobal
89	Can add event log	23	add_eventlog
90	Can change event log	23	change_eventlog
91	Can delete event log	23	delete_eventlog
92	Can view event log	23	view_eventlog
93	Can add achievement	24	add_achievement
94	Can change achievement	24	change_achievement
95	Can delete achievement	24	delete_achievement
96	Can view achievement	24	view_achievement
97	Can add user progress	25	add_userprogress
98	Can change user progress	25	change_userprogress
99	Can delete user progress	25	delete_userprogress
100	Can view user progress	25	view_userprogress
101	Can add unlocked achievement	26	add_unlockedachievement
102	Can change unlocked achievement	26	change_unlockedachievement
103	Can delete unlocked achievement	26	delete_unlockedachievement
104	Can view unlocked achievement	26	view_unlockedachievement
\.


--
-- Data for Name: chat_chatroom; Type: TABLE DATA; Schema: public; Owner: esl_user
--

COPY public.chat_chatroom (id, topic, messages, created_at, user_id) FROM stdin;
1	present	[{"role": "system", "content": "You are an AI specialized in present tense. Correct grammar, help user, etc."}, {"role": "assistant", "content": "Hello! You chose the 'present' tense practice. How can I help you today?"}]	2025-01-16 07:32:27.463854+00	7
\.


--
-- Data for Name: conversation_voiceconversation; Type: TABLE DATA; Schema: public; Owner: esl_user
--

COPY public.conversation_voiceconversation (id, created_at, total_messages, user_id, topic) FROM stdin;
1	2025-01-16 05:50:36.346574+00	6	8	travel
\.


--
-- Data for Name: conversation_voicemessage; Type: TABLE DATA; Schema: public; Owner: esl_user
--

COPY public.conversation_voicemessage (id, role, text, created_at, conversation_id) FROM stdin;
1	system	You are an AI specialized in Travel English...	2025-01-16 05:50:36.349173+00	1
2	assistant	Hi there! I'm your Travel English assistant...	2025-01-16 05:50:36.351137+00	1
3	user	 Hello, I need help.	2025-01-16 05:51:14.401937+00	1
4	assistant	Of course! What can I assist you with today?	2025-01-16 05:51:15.884893+00	1
5	user	 I talkpout hemisphere of hotel	2025-01-16 05:53:25.681491+00	1
6	assistant	I'm sorry, I didn't quite understand your request. Could you please provide more information or clarify what you need help with regarding hotels or accommodations?	2025-01-16 05:53:28.754773+00	1
\.


--
-- Data for Name: django_admin_log; Type: TABLE DATA; Schema: public; Owner: esl_user
--

COPY public.django_admin_log (id, action_time, object_id, object_repr, action_flag, change_message, content_type_id, user_id) FROM stdin;
1	2025-01-16 04:55:23.496856+00	1	Sarah (Beginner)	1	[{"added": {}}]	19	1
2	2025-01-16 04:55:38.674926+00	2	Tom (Beginner)	1	[{"added": {}}]	19	1
3	2025-01-16 04:56:18.120478+00	3	Shopping ()	1	[{"added": {}}]	19	1
4	2025-01-16 04:56:21.742782+00	3	Shopping (Beginner)	2	[{"changed": {"fields": ["Level"]}}]	19	1
5	2025-01-16 04:56:34.834729+00	4	The weathe (Beginner)	1	[{"added": {}}]	19	1
6	2025-01-16 04:56:54.478505+00	5	My hobby (Beginner)	1	[{"added": {}}]	19	1
7	2025-01-16 05:16:07.936828+00	2	Iana	3		8	1
8	2025-01-16 05:16:07.936895+00	3	raf	3		8	1
9	2025-01-16 05:18:43.805681+00	4	raael	3		8	1
10	2025-01-16 05:22:31.143499+00	5	rafael	3		8	1
11	2025-01-16 05:30:24.221163+00	6	rafael	3		8	1
12	2025-01-16 05:37:39.291481+00	6	Morning Routine (Beginner)	1	[{"added": {}}]	19	1
13	2025-01-16 05:37:56.786761+00	7	At the Grocery Store (Beginner)	1	[{"added": {}}]	19	1
14	2025-01-16 05:38:12.956306+00	8	In the Park (Beginner)	1	[{"added": {}}]	19	1
15	2025-01-16 05:38:36.240384+00	9	Cooking Dinner (Beginner)	1	[{"added": {}}]	19	1
16	2025-01-16 05:38:52.354489+00	10	Visiting a Friend (Beginner)	1	[{"added": {}}]	19	1
17	2025-01-16 05:42:17.799877+00	11	Morning Routine (Intermediate)	1	[{"added": {}}]	19	1
18	2025-01-16 05:42:32.054956+00	11	Morning Routine (Intermediate)	3		19	1
19	2025-01-16 05:42:48.733421+00	12	A Visit to the Beach (Intermediate)	1	[{"added": {}}]	19	1
20	2025-01-16 05:43:02.847293+00	13	Learning a New Language (Intermediate)	1	[{"added": {}}]	19	1
21	2025-01-16 05:43:16.756335+00	14	A Day at the Zoo (Intermediate)	1	[{"added": {}}]	19	1
22	2025-01-16 05:43:29.765906+00	15	Preparing for an Exam (Intermediate)	1	[{"added": {}}]	19	1
23	2025-01-16 05:43:44.496845+00	16	Cooking a New Recipe (Intermediate)	1	[{"added": {}}]	19	1
24	2025-01-16 05:43:59.344913+00	17	A Memorable Birthday (Intermediate)	1	[{"added": {}}]	19	1
25	2025-01-16 05:44:13.847268+00	18	A Walk in the Park (Intermediate)	1	[{"added": {}}]	19	1
26	2025-01-16 05:44:31.352794+00	19	My Favorite Hobby (Intermediate)	1	[{"added": {}}]	19	1
27	2025-01-16 05:44:43.164475+00	20	A Visit to a New City (Intermediate)	1	[{"added": {}}]	19	1
28	2025-01-16 05:44:55.633707+00	21	Taking Care of a Pet (Intermediate)	1	[{"added": {}}]	19	1
29	2025-01-16 05:47:17.806812+00	22	The Importance of Traveling (Advanced)	1	[{"added": {}}]	19	1
30	2025-01-16 05:53:57.384893+00	22	The Importance of Traveling (Advanced)	2	[{"changed": {"fields": ["Text"]}}]	19	1
31	2025-01-16 06:03:42.893488+00	22	The Importance of Traveling (Advanced)	3		19	1
32	2025-01-16 06:04:07.449939+00	23	ds (Advanced)	1	[{"added": {}}]	19	1
33	2025-01-16 06:05:52.374539+00	23	ds (Advanced)	3		19	1
34	2025-01-16 06:06:10.842114+00	24	The Power of Reading (Advanced)	1	[{"added": {}}]	19	1
35	2025-01-16 06:08:19.695467+00	25	The Benefits of Nature Walks (Advanced)	1	[{"added": {}}]	19	1
36	2025-01-16 06:08:34.349385+00	26	The Role of Music in Our Lives (Advanced)	1	[{"added": {}}]	19	1
37	2025-01-16 06:08:47.987848+00	27	Why Exercise is Essential (Advanced)	1	[{"added": {}}]	19	1
38	2025-01-16 06:09:00.75986+00	28	The Importance of Learning a Second Language (Advanced)	1	[{"added": {}}]	19	1
39	2025-01-16 06:09:13.83783+00	29	Why Time Management Matters (Advanced)	1	[{"added": {}}]	19	1
40	2025-01-16 06:09:25.341565+00	30	The Joy of Helping Others (Advanced)	1	[{"added": {}}]	19	1
41	2025-01-16 06:09:39.549002+00	31	The Importance of Setting Goals (Advanced)	1	[{"added": {}}]	19	1
42	2025-01-16 06:09:50.901056+00	32	Why Hobbies Matte (Advanced)	1	[{"added": {}}]	19	1
43	2025-01-16 06:10:03.770885+00	33	The Challenges of Modern Communication (Advanced)	1	[{"added": {}}]	19	1
44	2025-01-16 06:19:37.73465+00	1	afag (Beginner, editing)	1	[{"added": {}}, {"added": {"name": "exercise blank", "object": "Blank for afag: key=gap1"}}, {"added": {"name": "exercise blank", "object": "Blank for afag: key=gap2"}}, {"added": {"name": "exercise blank", "object": "Blank for afag: key=gap3"}}]	11	1
45	2025-01-16 06:37:34.815117+00	2	sdg (Beginner, reading)	1	[{"added": {}}, {"added": {"name": "exercise blank", "object": "Blank for sdg: key=gap1"}}, {"added": {"name": "exercise blank", "object": "Blank for sdg: key=gap2"}}, {"added": {"name": "exercise blank", "object": "Blank for sdg: key=gap3"}}]	11	1
46	2025-01-16 06:37:57.282751+00	2	sdg (Beginner, editing)	2	[{"changed": {"fields": ["Exercise type"]}}]	11	1
47	2025-01-16 06:52:49.447673+00	2	sdg (Beginner, editing)	3		11	1
48	2025-01-16 06:52:49.447738+00	1	afag (Beginner, editing)	3		11	1
49	2025-01-16 06:56:19.137201+00	3	A Walk in the Park (Beginner, editing)	1	[{"added": {}}, {"added": {"name": "exercise blank", "object": "Blank for A Walk in the Park: key=gap1"}}, {"added": {"name": "exercise blank", "object": "Blank for A Walk in the Park: key=gap2"}}, {"added": {"name": "exercise blank", "object": "Blank for A Walk in the Park: key=gap3"}}]	11	1
50	2025-01-16 06:57:12.596094+00	4	Morning Routine (Beginner, editing)	1	[{"added": {}}, {"added": {"name": "exercise blank", "object": "Blank for Morning Routine: key=gap1"}}, {"added": {"name": "exercise blank", "object": "Blank for Morning Routine: key=gap2"}}, {"added": {"name": "exercise blank", "object": "Blank for Morning Routine: key=gap3"}}]	11	1
51	2025-01-16 06:58:04.856412+00	5	Playing Sports (Beginner, editing)	1	[{"added": {}}, {"added": {"name": "exercise blank", "object": "Blank for Playing Sports: key=gap1"}}, {"added": {"name": "exercise blank", "object": "Blank for Playing Sports: key=gap2"}}, {"added": {"name": "exercise blank", "object": "Blank for Playing Sports: key=gap3"}}]	11	1
52	2025-01-16 06:58:19.494361+00	4	Morning Routine (Beginner, editing)	2	[{"changed": {"fields": ["Text"]}}]	11	1
53	2025-01-16 06:59:40.660137+00	6	A Day at School (Beginner, editing)	1	[{"added": {}}, {"added": {"name": "exercise blank", "object": "Blank for A Day at School: key=gap1"}}, {"added": {"name": "exercise blank", "object": "Blank for A Day at School: key=gap2"}}, {"added": {"name": "exercise blank", "object": "Blank for A Day at School: key=gap3"}}]	11	1
54	2025-01-16 07:00:26.528016+00	7	The Beach Day (Beginner, editing)	1	[{"added": {}}, {"added": {"name": "exercise blank", "object": "Blank for The Beach Day: key=gap1"}}, {"added": {"name": "exercise blank", "object": "Blank for The Beach Day: key=gap2"}}, {"added": {"name": "exercise blank", "object": "Blank for The Beach Day: key=gap3"}}]	11	1
55	2025-01-16 07:00:34.021382+00	6	A Day at School (Beginner, editing)	2	[{"changed": {"name": "exercise blank", "object": "Blank for A Day at School: key=gap2", "fields": ["Position"]}}, {"changed": {"name": "exercise blank", "object": "Blank for A Day at School: key=gap3", "fields": ["Position"]}}]	11	1
56	2025-01-16 07:00:42.9492+00	5	Playing Sports (Beginner, editing)	2	[{"changed": {"name": "exercise blank", "object": "Blank for Playing Sports: key=gap2", "fields": ["Position"]}}, {"changed": {"name": "exercise blank", "object": "Blank for Playing Sports: key=gap3", "fields": ["Position"]}}]	11	1
57	2025-01-16 07:02:07.150155+00	8	A Shopping Day (Beginner, editing)	1	[{"added": {}}, {"added": {"name": "exercise blank", "object": "Blank for A Shopping Day: key=gap1"}}, {"added": {"name": "exercise blank", "object": "Blank for A Shopping Day: key=gap2"}}, {"added": {"name": "exercise blank", "object": "Blank for A Shopping Day: key=gap3"}}]	11	1
58	2025-01-16 07:03:00.591426+00	9	Cooking Dinner (Beginner, editing)	1	[{"added": {}}, {"added": {"name": "exercise blank", "object": "Blank for Cooking Dinner: key=gap1"}}, {"added": {"name": "exercise blank", "object": "Blank for Cooking Dinner: key=gap2"}}, {"added": {"name": "exercise blank", "object": "Blank for Cooking Dinner: key=gap3"}}]	11	1
59	2025-01-16 07:03:56.468302+00	10	The Movie Night (Beginner, editing)	1	[{"added": {}}, {"added": {"name": "exercise blank", "object": "Blank for The Movie Night: key=gap1"}}, {"added": {"name": "exercise blank", "object": "Blank for The Movie Night: key=gap2"}}, {"added": {"name": "exercise blank", "object": "Blank for The Movie Night: key=gap3"}}]	11	1
60	2025-01-16 07:04:53.542005+00	11	The Garden (Beginner, editing)	1	[{"added": {}}, {"added": {"name": "exercise blank", "object": "Blank for The Garden: key=gap1"}}, {"added": {"name": "exercise blank", "object": "Blank for The Garden: key=gap2"}}, {"added": {"name": "exercise blank", "object": "Blank for The Garden: key=gap3"}}]	11	1
61	2025-01-16 07:05:45.877157+00	12	A Snowy Day (Beginner, editing)	1	[{"added": {}}, {"added": {"name": "exercise blank", "object": "Blank for A Snowy Day: key=gap1"}}, {"added": {"name": "exercise blank", "object": "Blank for A Snowy Day: key=gap2"}}, {"added": {"name": "exercise blank", "object": "Blank for A Snowy Day: key=gap3"}}]	11	1
62	2025-01-16 07:11:55.52719+00	13	A Walk in the Park (Intermediate, editing)	1	[{"added": {}}, {"added": {"name": "exercise blank", "object": "Blank for A Walk in the Park: key=gap1"}}, {"added": {"name": "exercise blank", "object": "Blank for A Walk in the Park: key=gap2"}}, {"added": {"name": "exercise blank", "object": "Blank for A Walk in the Park: key=gap3"}}]	11	1
63	2025-01-16 07:12:54.9911+00	14	Morning Routine (Intermediate, editing)	1	[{"added": {}}, {"added": {"name": "exercise blank", "object": "Blank for Morning Routine: key=gap1"}}, {"added": {"name": "exercise blank", "object": "Blank for Morning Routine: key=gap2"}}, {"added": {"name": "exercise blank", "object": "Blank for Morning Routine: key=gap3"}}]	11	1
64	2025-01-16 07:13:55.386105+00	15	Learning New Skills (Beginner, editing)	1	[{"added": {}}, {"added": {"name": "exercise blank", "object": "Blank for Learning New Skills: key=gap1"}}, {"added": {"name": "exercise blank", "object": "Blank for Learning New Skills: key=gap2"}}, {"added": {"name": "exercise blank", "object": "Blank for Learning New Skills: key=gap3"}}]	11	1
65	2025-01-16 07:14:52.176098+00	16	A Day at School (Intermediate, editing)	1	[{"added": {}}, {"added": {"name": "exercise blank", "object": "Blank for A Day at School: key=gap1"}}, {"added": {"name": "exercise blank", "object": "Blank for A Day at School: key=gap2"}}, {"added": {"name": "exercise blank", "object": "Blank for A Day at School: key=gap3"}}]	11	1
66	2025-01-16 07:15:54.409998+00	17	Weekend Plans (Intermediate, editing)	1	[{"added": {}}, {"added": {"name": "exercise blank", "object": "Blank for Weekend Plans: key=gap1"}}, {"added": {"name": "exercise blank", "object": "Blank for Weekend Plans: key=gap2"}}, {"added": {"name": "exercise blank", "object": "Blank for Weekend Plans: key=gap3"}}]	11	1
67	2025-01-16 07:16:44.353342+00	18	A Movie Night (Intermediate, editing)	1	[{"added": {}}, {"added": {"name": "exercise blank", "object": "Blank for A Movie Night: key=gap1"}}, {"added": {"name": "exercise blank", "object": "Blank for A Movie Night: key=gap2"}}, {"added": {"name": "exercise blank", "object": "Blank for A Movie Night: key=gap3"}}]	11	1
68	2025-01-16 07:17:44.025255+00	19	Traveling Abroad (Intermediate, editing)	1	[{"added": {}}, {"added": {"name": "exercise blank", "object": "Blank for Traveling Abroad: key=gap1"}}, {"added": {"name": "exercise blank", "object": "Blank for Traveling Abroad: key=gap2"}}, {"added": {"name": "exercise blank", "object": "Blank for Traveling Abroad: key=gap3"}}]	11	1
69	2025-01-16 07:18:37.567808+00	20	The Beach Day (Intermediate, editing)	1	[{"added": {}}, {"added": {"name": "exercise blank", "object": "Blank for The Beach Day: key=gap1"}}, {"added": {"name": "exercise blank", "object": "Blank for The Beach Day: key=gap2"}}, {"added": {"name": "exercise blank", "object": "Blank for The Beach Day: key=gap3"}}]	11	1
70	2025-01-16 07:19:29.562345+00	21	Preparing for an Exam (Intermediate, editing)	1	[{"added": {}}, {"added": {"name": "exercise blank", "object": "Blank for Preparing for an Exam: key=gap1"}}, {"added": {"name": "exercise blank", "object": "Blank for Preparing for an Exam: key=gap2"}}, {"added": {"name": "exercise blank", "object": "Blank for Preparing for an Exam: key=gap3"}}]	11	1
71	2025-01-16 07:20:23.964781+00	22	A Snowy Day (Intermediate, editing)	1	[{"added": {}}, {"added": {"name": "exercise blank", "object": "Blank for A Snowy Day: key=gap1"}}, {"added": {"name": "exercise blank", "object": "Blank for A Snowy Day: key=gap2"}}, {"added": {"name": "exercise blank", "object": "Blank for A Snowy Day: key=gap3"}}]	11	1
72	2025-01-16 07:21:53.260723+00	15	Learning New Skills (Intermediate, editing)	2	[{"changed": {"fields": ["Level"]}}]	11	1
73	2025-01-16 07:23:11.267337+00	23	Walk in the Park (Advanced, editing)	1	[{"added": {}}, {"added": {"name": "exercise blank", "object": "Blank for Walk in the Park: key=gap1"}}, {"added": {"name": "exercise blank", "object": "Blank for Walk in the Park: key=gap2"}}, {"added": {"name": "exercise blank", "object": "Blank for Walk in the Park: key=gap3"}}]	11	1
74	2025-01-16 07:24:03.860846+00	24	The Conference (Advanced, editing)	1	[{"added": {}}, {"added": {"name": "exercise blank", "object": "Blank for The Conference: key=gap1"}}, {"added": {"name": "exercise blank", "object": "Blank for The Conference: key=gap2"}}, {"added": {"name": "exercise blank", "object": "Blank for The Conference: key=gap3"}}]	11	1
75	2025-01-16 07:24:59.3609+00	25	Traveling Abroad (Advanced, editing)	1	[{"added": {}}, {"added": {"name": "exercise blank", "object": "Blank for Traveling Abroad: key=gap1"}}, {"added": {"name": "exercise blank", "object": "Blank for Traveling Abroad: key=gap2"}}, {"added": {"name": "exercise blank", "object": "Blank for Traveling Abroad: key=gap3"}}]	11	1
76	2025-01-16 07:25:58.774287+00	26	A Challenging Project (Advanced, editing)	1	[{"added": {}}, {"added": {"name": "exercise blank", "object": "Blank for A Challenging Project: key=gap1"}}, {"added": {"name": "exercise blank", "object": "Blank for A Challenging Project: key=gap2"}}, {"added": {"name": "exercise blank", "object": "Blank for A Challenging Project: key=gap3"}}]	11	1
77	2025-01-16 07:26:59.608613+00	27	A New Hobby (Advanced, editing)	1	[{"added": {}}, {"added": {"name": "exercise blank", "object": "Blank for A New Hobby: key=gap1"}}, {"added": {"name": "exercise blank", "object": "Blank for A New Hobby: key=gap2"}}, {"added": {"name": "exercise blank", "object": "Blank for A New Hobby: key=gap3"}}]	11	1
78	2025-01-16 07:27:57.324064+00	28	A Team Meeting (Advanced, editing)	1	[{"added": {}}, {"added": {"name": "exercise blank", "object": "Blank for A Team Meeting: key=gap1"}}, {"added": {"name": "exercise blank", "object": "Blank for A Team Meeting: key=gap2"}}, {"added": {"name": "exercise blank", "object": "Blank for A Team Meeting: key=gap3"}}]	11	1
79	2025-01-16 07:28:55.142199+00	29	A Letter of Recommendation (Advanced, editing)	1	[{"added": {}}, {"added": {"name": "exercise blank", "object": "Blank for A Letter of Recommendation: key=gap1"}}, {"added": {"name": "exercise blank", "object": "Blank for A Letter of Recommendation: key=gap2"}}, {"added": {"name": "exercise blank", "object": "Blank for A Letter of Recommendation: key=gap3"}}]	11	1
80	2025-01-16 07:29:36.762518+00	30	A Scientific Experiment (Advanced, editing)	1	[{"added": {}}, {"added": {"name": "exercise blank", "object": "Blank for A Scientific Experiment: key=gap1"}}, {"added": {"name": "exercise blank", "object": "Blank for A Scientific Experiment: key=gap2"}}, {"added": {"name": "exercise blank", "object": "Blank for A Scientific Experiment: key=gap3"}}]	11	1
81	2025-01-16 07:30:32.082541+00	31	A Surprise Visit (Advanced, editing)	1	[{"added": {}}, {"added": {"name": "exercise blank", "object": "Blank for A Surprise Visit: key=gap1"}}, {"added": {"name": "exercise blank", "object": "Blank for A Surprise Visit: key=gap2"}}, {"added": {"name": "exercise blank", "object": "Blank for A Surprise Visit: key=gap3"}}]	11	1
82	2025-01-16 07:30:50.38393+00	30	A Scientific Experiment (Advanced, editing)	2	[{"changed": {"fields": ["Text"]}}]	11	1
83	2025-01-16 07:32:00.100776+00	32	Planning the Future (Advanced, editing)	1	[{"added": {}}, {"added": {"name": "exercise blank", "object": "Blank for Planning the Future: key=gap1"}}, {"added": {"name": "exercise blank", "object": "Blank for Planning the Future: key=gap2"}}, {"added": {"name": "exercise blank", "object": "Blank for Planning the Future: key=gap3"}}]	11	1
\.


--
-- Data for Name: django_content_type; Type: TABLE DATA; Schema: public; Owner: esl_user
--

COPY public.django_content_type (id, app_label, model) FROM stdin;
1	admin	logentry
2	auth	permission
3	auth	group
4	contenttypes	contenttype
5	sessions	session
6	token_blacklist	blacklistedtoken
7	token_blacklist	outstandingtoken
8	accounts	customuser
9	accounts	emailconfirmation
10	accounts	passwordresettoken
11	exercises	exercise
12	exercises	exerciseattempt
13	exercises	exerciseblank
14	chat	chatroom
15	conversation	voiceconversation
16	conversation	voicemessage
17	subscriptions	plan
18	subscriptions	usersubscription
19	pronunciation	pronunciationexercise
20	pronunciation	pronunciationattempt
21	pronunciation	mispronouncedword
22	pronunciation	mispronouncedwordglobal
23	stats	eventlog
24	stats	achievement
25	stats	userprogress
26	stats	unlockedachievement
\.


--
-- Data for Name: django_migrations; Type: TABLE DATA; Schema: public; Owner: esl_user
--

COPY public.django_migrations (id, app, name, applied) FROM stdin;
1	contenttypes	0001_initial	2025-01-15 20:22:15.422114+00
2	contenttypes	0002_remove_content_type_name	2025-01-15 20:22:15.433189+00
3	auth	0001_initial	2025-01-15 20:22:15.5026+00
4	auth	0002_alter_permission_name_max_length	2025-01-15 20:22:15.509915+00
5	auth	0003_alter_user_email_max_length	2025-01-15 20:22:15.518571+00
6	auth	0004_alter_user_username_opts	2025-01-15 20:22:15.526015+00
7	auth	0005_alter_user_last_login_null	2025-01-15 20:22:15.536183+00
8	auth	0006_require_contenttypes_0002	2025-01-15 20:22:15.538904+00
9	auth	0007_alter_validators_add_error_messages	2025-01-15 20:22:15.549033+00
10	auth	0008_alter_user_username_max_length	2025-01-15 20:22:15.558964+00
11	auth	0009_alter_user_last_name_max_length	2025-01-15 20:22:15.568397+00
12	auth	0010_alter_group_name_max_length	2025-01-15 20:22:15.579543+00
13	auth	0011_update_proxy_permissions	2025-01-15 20:22:15.591121+00
14	auth	0012_alter_user_first_name_max_length	2025-01-15 20:22:15.600148+00
15	accounts	0001_initial	2025-01-15 20:22:15.673107+00
16	accounts	0002_emailconfirmation	2025-01-15 20:22:15.700755+00
17	accounts	0003_passwordresettoken	2025-01-15 20:22:15.729579+00
18	admin	0001_initial	2025-01-15 20:22:15.767728+00
19	admin	0002_logentry_remove_auto_add	2025-01-15 20:22:15.78099+00
20	admin	0003_logentry_add_action_flag_choices	2025-01-15 20:22:15.796158+00
21	chat	0001_initial	2025-01-15 20:22:15.829301+00
22	chat	0002_chatroom_delete_chatcontext	2025-01-15 20:22:15.875029+00
23	conversation	0001_initial	2025-01-15 20:22:15.927629+00
24	conversation	0002_voiceconversation_topic	2025-01-15 20:22:15.949828+00
25	conversation	0003_remove_voicemessage_is_feedback	2025-01-15 20:22:15.961191+00
26	conversation	0004_alter_voiceconversation_topic_and_more	2025-01-15 20:22:15.999805+00
27	conversation	0005_alter_voiceconversation_user	2025-01-15 20:22:16.035974+00
28	conversation	0006_alter_voiceconversation_user	2025-01-15 20:22:16.060323+00
29	exercises	0001_initial	2025-01-15 20:22:16.095511+00
30	exercises	0002_alter_exercise_level_exerciseattempt	2025-01-15 20:22:16.149024+00
31	exercises	0003_exerciseblank	2025-01-15 20:22:16.184207+00
32	pronunciation	0001_initial	2025-01-15 20:22:16.265412+00
33	pronunciation	0002_alter_pronunciationexercise_level	2025-01-15 20:22:16.282786+00
34	pronunciation	0003_mispronouncedwordglobal	2025-01-15 20:22:16.322421+00
35	pronunciation	0004_delete_mispronouncedwordglobal	2025-01-15 20:22:16.328462+00
36	pronunciation	0005_mispronouncedwordglobal	2025-01-15 20:22:16.370377+00
37	pronunciation	0006_alter_mispronouncedwordglobal_user	2025-01-15 20:22:16.40396+00
38	pronunciation	0007_alter_mispronouncedwordglobal_user	2025-01-15 20:22:16.438874+00
39	pronunciation	0008_mispronouncedwordglobal_expire_after_minutes_and_more	2025-01-15 20:22:16.477924+00
40	sessions	0001_initial	2025-01-15 20:22:16.500852+00
41	stats	0001_initial	2025-01-15 20:22:16.536312+00
42	stats	0002_achievement_userachievement_userstats	2025-01-15 20:22:16.627388+00
43	stats	0003_remove_userstats_user_rename_key_achievement_code_and_more	2025-01-15 20:22:16.760916+00
44	subscriptions	0001_initial	2025-01-15 20:22:16.821043+00
45	token_blacklist	0001_initial	2025-01-15 20:22:16.893239+00
46	token_blacklist	0002_outstandingtoken_jti_hex	2025-01-15 20:22:16.914887+00
47	token_blacklist	0003_auto_20171017_2007	2025-01-15 20:22:16.949728+00
48	token_blacklist	0004_auto_20171017_2013	2025-01-15 20:22:16.981832+00
49	token_blacklist	0005_remove_outstandingtoken_jti	2025-01-15 20:22:17.00901+00
50	token_blacklist	0006_auto_20171017_2113	2025-01-15 20:22:17.034751+00
51	token_blacklist	0007_auto_20171017_2214	2025-01-15 20:22:17.092154+00
52	token_blacklist	0008_migrate_to_bigautofield	2025-01-15 20:22:17.180801+00
53	token_blacklist	0010_fix_migrate_to_bigautofield	2025-01-15 20:22:17.219321+00
54	token_blacklist	0011_linearizes_history	2025-01-15 20:22:17.222382+00
55	token_blacklist	0012_alter_outstandingtoken_user	2025-01-15 20:22:17.254278+00
\.


--
-- Data for Name: django_session; Type: TABLE DATA; Schema: public; Owner: esl_user
--

COPY public.django_session (session_key, session_data, expire_date) FROM stdin;
ea6qqmd0a0rspq5535ob4fwjcoikbs5a	.eJxVjDsOwjAQBe_iGllx4t9S0ucM0Xp3wQFkS3FSIe4OkVJA-2bmvdSE25qnrckyzazOyqjT75aQHlJ2wHcst6qplnWZk94VfdCmx8ryvBzu30HGlr-1jy6EIAyEJoh0BoGGToTYSRiA2Qh4L9ECxL53KVoO0RB7C54tXdX7A-qbOAY:1tYGsE:LhoIyjpJWvTWCfC3A6sRQyq4ndL1VNTF1qeRtyH4eOM	2025-01-30 03:48:50.862548+00
hdj2xoxeaiycghtiy5ah7fhxw66sqg3m	.eJxVjDsOwjAQBe_iGllx4t9S0ucM0Xp3wQFkS3FSIe4OkVJA-2bmvdSE25qnrckyzazOyqjT75aQHlJ2wHcst6qplnWZk94VfdCmx8ryvBzu30HGlr-1jy6EIAyEJoh0BoGGToTYSRiA2Qh4L9ECxL53KVoO0RB7C54tXdX7A-qbOAY:1tYHSY:In_0byiAn8noHR4JPbBceMM5myebtTr_OFpgvhnUHCo	2025-01-30 04:26:22.595969+00
\.


--
-- Data for Name: exercises_exercise; Type: TABLE DATA; Schema: public; Owner: esl_user
--

COPY public.exercises_exercise (id, title, text, level, exercise_type, created_at, creator_id) FROM stdin;
32	Planning the Future	David __gap1__ his future plans carefully. He __gap2__ to finish his degree by the end of the year, and he __gap3__ to apply for a prestigious internship.	Advanced	editing	2025-01-16 07:32:00.090721+00	1
3	A Walk in the Park	Tom likes to __gap1__ in the park. He finds it very __gap2__. Sometimes he __gap3__ his homework there.	Beginner	editing	2025-01-16 06:56:19.131705+00	1
4	Morning Routine	Mary __gap1__ her teeth every morning. She __gap2__ breakfast at 8 a.m. Then she __gap3__ to school.	Beginner	editing	2025-01-16 06:57:12.592097+00	1
7	The Beach Day	Mike gap1 to the beach every summer. He gap2 in the water and gap3 sandcastles with his sister.	Beginner	editing	2025-01-16 07:00:26.52458+00	1
6	A Day at School	Emma __gap1__ math every day. She thinks it is __gap2__. After school, she __gap3__ with her friends.	Beginner	editing	2025-01-16 06:59:40.657211+00	1
5	Playing Sports	John loves to __gap1__ football. He __gap2__ with his friends every weekend. After the game, they __gap3__ juice together.	Beginner	editing	2025-01-16 06:58:04.851992+00	1
8	A Shopping Day	Lisa __gap1__ to the market every weekend. She __gap2__ fresh fruit and __gap3__ it for her family.	Beginner	editing	2025-01-16 07:02:07.146087+00	1
9	Cooking Dinner	Anna __gap1__ dinner for her family. She __gap2__ vegetables and __gap3__ them in a pan.	Beginner	editing	2025-01-16 07:03:00.585902+00	1
10	The Movie Night	Sam and his friends __gap1__ a movie on Friday. They __gap2__ popcorn and __gap3__ during the funny scenes.	Beginner	editing	2025-01-16 07:03:56.464482+00	1
11	The Garden	My mom __gap1__ flowers in the garden. She __gap2__ them every morning. Sometimes she __gap3__ the weeds.	Beginner	editing	2025-01-16 07:04:53.537377+00	1
12	A Snowy Day	In winter, we __gap1__ snowmen in the yard. My brother __gap2__ snowballs, and we __gap3__ a lot of fun.	Beginner	editing	2025-01-16 07:05:45.872353+00	1
13	A Walk in the Park	Tom __gap1__ to the park every morning. He __gap2__ his favorite book while sitting on a bench. Sometimes he __gap3__ some snacks with him.	Intermediate	editing	2025-01-16 07:11:55.523269+00	1
14	Morning Routine	Sarah usually __gap1__ at 7 a.m. She __gap2__ a cup of tea and __gap3__ her emails before work.	Intermediate	editing	2025-01-16 07:12:54.988398+00	1
16	A Day at School	Emma __gap1__ math at school. She __gap2__ hard for her upcoming test. Last week, she __gap3__ her teacher for extra help.	Intermediate	editing	2025-01-16 07:14:52.172571+00	1
17	Weekend Plans	Mark __gap1__ hiking with his friends tomorrow. They __gap2__ to a nearby forest. Right now, he __gap3__ his backpack.	Intermediate	editing	2025-01-16 07:15:54.40621+00	1
18	A Movie Night	Lisa __gap1__ a movie with her family last night. They __gap2__ popcorn and __gap3__ during the funny scenes.	Intermediate	editing	2025-01-16 07:16:44.349997+00	1
19	Traveling Abroad	Last summer, Mia __gap1__ to Italy with her family. They __gap2__ historical places and __gap3__ Italian food.	Intermediate	editing	2025-01-16 07:17:44.020632+00	1
20	The Beach Day	Sam __gap1__ swimming every weekend. He __gap2__ the ocean and __gap3__ time with his friends.	Intermediate	editing	2025-01-16 07:18:37.563458+00	1
21	Preparing for an Exam	James __gap1__ for his exams this week. He __gap2__ notes and __gap3__ practice tests.	Intermediate	editing	2025-01-16 07:19:29.5575+00	1
22	A Snowy Day	In winter, we __gap1__ snowmen in the yard. My sister __gap2__ snowballs, and we __gap3__ a lot of fun.	Intermediate	editing	2025-01-16 07:20:23.961403+00	1
15	Learning New Skills	Anna __gap1__ a cooking class last month. Now she __gap2__ new recipes every weekend. She __gap3__ her family with delicious dishes.	Intermediate	editing	2025-01-16 07:13:55.381924+00	1
23	Walk in the Park	Tom __gap1__ to the park every morning. By the time he arrives, most joggers __gap2__ their routines. He often __gap3__ birds singing while sitting on a bench.	Advanced	editing	2025-01-16 07:23:11.261196+00	1
24	The Conference	Sarah __gap1__ for the conference for months. When she __gap2__ on stage, the audience __gap3__ her with applause.	Advanced	editing	2025-01-16 07:24:03.85719+00	1
25	Traveling Abroad	Mark __gap1__ to several countries last year. While he __gap2__ in Spain, he __gap3__ a local cooking class.	Advanced	editing	2025-01-16 07:24:59.357937+00	1
26	A Challenging Project	Emma __gap1__ a challenging project at work for weeks. By the time it __gap2__, she __gap3__ a well-deserved break.	Advanced	editing	2025-01-16 07:25:58.770713+00	1
27	A New Hobby	Anna __gap1__ knitting recently. She __gap2__ it is both relaxing and creative. She __gap3__ a sweater for her nephew now.	Advanced	editing	2025-01-16 07:26:59.60298+00	1
28	A Team Meeting	The team __gap1__ the details of the project for hours. By the time they __gap2__, it __gap3__ too late to begin implementation.	Advanced	editing	2025-01-16 07:27:57.320271+00	1
29	A Letter of Recommendation	Lisa __gap__1 a letter of recommendation for her colleague. She __gap2__ it for over a week, as she __gap3__ to make it perfect.	Advanced	editing	2025-01-16 07:28:55.136885+00	1
31	A Surprise Visit	While Sarah __gap__1 dinner, her old friend unexpectedly __gap2__. She __gap3__ him warmly and invited him to join her.	Advanced	editing	2025-01-16 07:30:32.077533+00	1
30	A Scientific Experiment	James __gap1__ a scientific experiment for weeks. When his results __gap2__, he __gap3__ thrilled with the outcome.	Advanced	editing	2025-01-16 07:29:36.759837+00	1
\.


--
-- Data for Name: exercises_exerciseattempt; Type: TABLE DATA; Schema: public; Owner: esl_user
--

COPY public.exercises_exerciseattempt (id, score, created_at, exercise_id, user_id) FROM stdin;
2	100	2025-01-16 07:10:23.037093+00	8	7
\.


--
-- Data for Name: exercises_exerciseblank; Type: TABLE DATA; Schema: public; Owner: esl_user
--

COPY public.exercises_exerciseblank (id, blank_key, correct_answer, "position", choices, exercise_id) FROM stdin;
7	gap1	walk	0	["walk", "run", "play"]	3
8	gap2	relaxing	1	["relaxing", "fun", "boring"]	3
9	gap3	does	2	["does", "forgets", "finishes"]	3
10	gap1	brushes	0	["brushes", "cleans", "washes"]	4
11	gap2	eats	0	["eats", "drinks", "cooks"]	4
12	gap3	walks	0	["walks", "drives", "runs"]	4
13	gap1	play	0	["play", "watch", "run"]	5
16	gap1	studies	0	["studies", "writes", "reads"]	6
19	gap1	goes	0	["goes", "walks", "plays"]	7
20	gap2	swims	1	["swims", "runs", "sits"]	7
21	gap3	makes	2	["makes", "breaks", "throws"]	7
17	gap2	fun	1	["fun", "boring", "hard"]	6
18	gap3	talks	2	["plays", "talks", "reads"]	6
14	gap2	plays	1	["plays", "runs", "sits"]	5
15	gap3	drink	2	["drink", "eat", "cook"]	5
22	gap1	goes	0	["goes", "runs", "walks"]	8
23	gap2	buys	1	["buys", "takes", "finds"]	8
24	gap3	shares	2	["shares", "eats", "cooks"]	8
25	gap1	cooks	0	["cooks", "eats", "buys"]	9
26	gap2	cuts	1	["cuts", "throws", "takes"]	9
27	gap3	puts	2	["puts", "boils", "makes"]	9
28	gap1	watch	0	["watch", "play", "see"]	10
29	gap2	eat	1	["eat", "buy", "make"]	10
30	gap3	laugh	2	["laugh", "cry", "talk"]	10
31	gap1	plants	0	["plants", "takes", "makes"]	11
32	gap2	waters	1	["waters", "cleans", "grows"]	11
33	gap3	pulls	2	["pulls", "leaves", "removes"]	11
34	gap1	build	0	["build", "make", "play"]	12
35	gap2	throws	1	["throws", "makes", "takes"]	12
36	gap3	have	2	["have", "make", "find"]	12
37	gap1	goes	0	["goes", "went", "is going"]	13
38	gap2	reads	1	["reads", "read", "is reading"]	13
39	gap3	takes	2	["takes", "took", "is taking"]	13
40	gap1	gets up	0	["gets up", "got up", "is getting up"]	14
41	gap2	makes	1	["makes", "made", "is making"]	14
42	gap3	checks	2	["checks", "checked", "is checking"]	14
43	gap1	joined	0	["joined", "joins", "is joining"]	15
44	gap2	tries	1	["tries", "tried", "is trying"]	15
45	gap3	surprises	2	["surprises", "surprised", "is surprising"]	15
46	gap1	studies	0	["studies", "studied", "is studying"]	16
47	gap2	is working	1	["works", "worked", "is working"]	16
48	gap3	asked	2	["asked", "asks", "is asking"]	16
49	gap1	is going	0	["will go", "is going", "went"]	17
50	gap2	are driving	1	["will drive", "are driving", "drove"]	17
51	gap3	is packing	2	["packs", "packed", "is packing"]	17
52	gap1	watched	0	["watched", "watch", "are watching"]	18
53	gap2	ate	1	["ate", "eat", "are eating"]	18
54	gap3	laughed	2	["laughed", "laugh", "are laughing"]	18
55	gap1	traveled	0	["traveled", "travel", "are traveling"]	19
56	gap2	visited	0	["visited", "visit", "are visiting"]	19
57	gap3	tasted	0	["tasted", "taste", "are tasting"]	19
58	gap1	enjoys	0	["enjoys", "enjoyed", "is enjoying"]	20
59	gap2	loves	1	["loves", "loved", "is loving"]	20
60	gap3	spends	2	["spends", "spent", "is spending"]	20
61	gap1	is studying	0	["studies", "is studying", "studied"]	21
62	gap2	takes	1	["takes", "took", "is taking"]	21
63	gap3	does	2	["does", "did", "is doing"]	21
64	gap1	build	0	["build", "built", "are building"]	22
65	gap2	build	1	["build", "threw", "is throwing"]	22
66	gap3	have	2	["have", "had", "are having"]	22
67	gap1	walks	0	["walks", "is walking", "has walked"]	23
68	gap2	have completed	1	["complete", "have completed", "had completed"]	23
69	gap3	hears	2	["hears", "heard", "is hearing"]	23
70	gap1	has been preparing	0	["has been preparing", "prepared", "prepares"]	24
71	gap2	steps	1	["steps", "stepped", "was stepping"]	24
72	gap3	welcomed	2	["welcomes", "welcomed", "was welcoming"]	24
73	gap1	traveled	0	["traveled", "has traveled", "was traveling"]	25
74	gap2	was staying	1	["was staying", "stayed", "stays"]	25
75	gap3	attended	2	["attends", "attended", "had attended"]	25
76	gap1	has been working on	0	["has been working on", "worked on", "is working on"]	26
77	gap2	had finished	1	["finished", "was finishing", "had finished"]	26
78	gap3	took	2	["takes", "took", "had taken"]	26
79	gap1	has taken up	0	["took up", "has taken up", "takes up"]	27
80	gap2	finds	1	["finds", "found", "is finding"]	27
81	gap3	is making	2	["makes", "made", "is making"]	27
82	gap1	has been discussing	0	["has been discussing", "discussed", "is discussing"]	28
83	gap2	finished	1	["finished", "had finished", "finish"]	28
84	gap3	was	2	["was", "has been", "had been"]	28
85	gap1	has been writing	0	["has written", "has been writing", "wrote"]	29
86	gap2	has worked on	1	["has worked on", "worked on", "is working on"]	29
87	gap3	wants	2	["wants", "wanted", "has wanted"]	29
88	gap1	had been conducting	0	["has conducted", "was conducting", "had been conducting"]	30
89	gap2	were published	1	["were published", "are published", "had published"]	30
90	gap3	was	2	["was", "is", "has been"]	30
91	gap1	was cooking	0	["cooked", "was cooking", "had cooked"]	31
92	gap2	arrived	1	["arrives", "arrived", "was arriving"]	31
93	gap3	greeted	2	["greets", "greeted", "has greeted"]	31
94	gap1	has considered	0	["has considered", "was considering", "considers"]	32
95	gap2	hopes	1	["hopes", "hoped", "is hoping"]	32
96	gap3	plans	2	["plans", "planned", "is planning"]	32
\.


--
-- Data for Name: pronunciation_mispronouncedword; Type: TABLE DATA; Schema: public; Owner: esl_user
--

COPY public.pronunciation_mispronouncedword (id, word, accuracy, start_time, end_time, attempt_id) FROM stdin;
\.


--
-- Data for Name: pronunciation_mispronouncedwordglobal; Type: TABLE DATA; Schema: public; Owner: esl_user
--

COPY public.pronunciation_mispronouncedwordglobal (id, word, accuracy, created_at, user_id, expire_after_minutes, reached_threshold_at) FROM stdin;
1	hello	8	2025-01-16 05:40:00.50377+00	8	5	\N
2	sarah	56	2025-01-16 05:40:00.507797+00	8	5	\N
3	a	0	2025-01-16 05:40:00.510648+00	8	5	\N
4	small	18	2025-01-16 05:40:00.513927+00	8	5	\N
5	morning	54	2025-01-16 05:40:00.516948+00	8	5	\N
6	toast	53	2025-01-16 05:40:00.520596+00	8	5	\N
7	vegetables	53	2025-01-16 05:48:55.363845+00	8	5	\N
8	apples	54	2025-01-16 05:48:55.36598+00	8	5	\N
9	enriching	13	2025-01-16 05:55:41.072025+00	7	5	\N
11	new	0	2025-01-16 05:55:41.076755+00	7	5	\N
12	understanding	55	2025-01-16 05:55:41.078673+00	7	5	\N
13	visiting	52	2025-01-16 05:55:41.080543+00	7	5	\N
14	landmarks	42	2025-01-16 05:55:41.082611+00	7	5	\N
15	moreover	53	2025-01-16 05:55:41.084544+00	7	5	\N
16	traveling	53	2025-01-16 05:55:41.08963+00	7	5	\N
17	also	22	2025-01-16 05:55:41.091891+00	7	5	\N
18	reflect	52	2025-01-16 05:55:41.094281+00	7	5	\N
19	appreciate	55	2025-01-16 05:55:41.096505+00	7	5	\N
20	what	12	2025-01-16 05:55:41.098367+00	7	5	\N
10	experiences	52	2025-01-16 05:55:41.074325+00	7	5	\N
22	unexpected	48	2025-01-16 05:55:41.10827+00	7	5	\N
23	challenges	41	2025-01-16 05:55:41.110066+00	7	5	\N
24	like	50	2025-01-16 05:55:41.112168+00	7	5	\N
25	getting	51	2025-01-16 05:55:41.114229+00	7	5	\N
26	patience	45	2025-01-16 05:55:41.116165+00	7	5	\N
27	despite	3	2025-01-16 05:55:41.118297+00	7	5	\N
28	these	57	2025-01-16 05:55:41.119963+00	7	5	\N
29	difficulties	56	2025-01-16 05:55:41.121739+00	7	5	\N
30	trip	58	2025-01-16 05:55:41.123436+00	7	5	\N
31	reading	53	2025-01-16 06:08:00.834171+00	7	5	\N
32	stimulates	51	2025-01-16 06:08:00.838016+00	7	5	\N
33	distant	5	2025-01-16 06:08:00.841187+00	7	5	\N
34	leaving	2	2025-01-16 06:08:00.852041+00	7	5	\N
35	offering	57	2025-01-16 06:08:00.855436+00	7	5	\N
36	escape	0	2025-01-16 06:08:00.858747+00	7	5	\N
37	life	0	2025-01-16 06:08:00.868985+00	7	5	\N
38	perspective	0	2025-01-16 06:08:00.873353+00	7	5	\N
39	worries	24	2025-01-16 06:08:00.889507+00	7	5	\N
21	however	11	2025-01-16 05:55:41.103526+00	7	5	\N
40	todays	58	2025-01-16 06:08:00.90118+00	7	5	\N
41	equally	51	2025-01-16 06:08:00.907796+00	7	5	\N
42	curiosity	0	2025-01-16 06:08:00.913417+00	7	5	\N
43	and	0	2025-01-16 06:08:00.921362+00	7	5	\N
44	inspire	48	2025-01-16 06:08:00.92966+00	7	5	\N
45	whether	5	2025-01-16 06:08:00.932997+00	7	5	\N
46	its	51	2025-01-16 06:08:00.936827+00	7	5	\N
47	fiction	9	2025-01-16 06:08:00.940299+00	7	5	\N
48	nonfiction	9	2025-01-16 06:08:00.943398+00	7	5	\N
\.


--
-- Data for Name: pronunciation_pronunciationattempt; Type: TABLE DATA; Schema: public; Owner: esl_user
--

COPY public.pronunciation_pronunciationattempt (id, score, recognized_text, created_at, user_id, exercise_id) FROM stdin;
1	96	Hello, my name is Sarah. I live in a small house with my family. I have a cat named Lucy. Every morning I drink tea and eat toast. Today I am going to the park.	2025-01-16 04:58:31.942383+00	1	1
2	84.4	Hello, my name is Sarah. I live in small house with my family. I have a cat named Lucy. Every morning I drink tea and eat toast. Today I am going to the park.	2025-01-16 05:40:00.487309+00	8	1
3	89.2	I need to buy milk, bread and eggs. I go to the supermarket every Friday. There are many fresh vegetables and fruits. I like to buy apples and bananas. After shopping, I go home and cook and cook dinner.	2025-01-16 05:48:55.355569+00	8	3
5	79	Reading is one of the most rewarding habits a person can develop. It expands your knowledge, improves your vocabulary, and stimulates your imagination. Through books, you can travel to distant distant places and experience different cultures without leaving your home. Reading also helps reduce stress by offering an life perspective from everyday worries worries. However, finding time to read can be challenging in todays busy world. Choosing the right book is equally important as it can spark inspire new ideas. Whether its fiction or nonfiction, reading has the power to transform your perspective on life.	2025-01-16 06:08:00.829055+00	7	24
\.


--
-- Data for Name: pronunciation_pronunciationexercise; Type: TABLE DATA; Schema: public; Owner: esl_user
--

COPY public.pronunciation_pronunciationexercise (id, title, level, text, created_at) FROM stdin;
1	Sarah	Beginner	Hello! My name is Sarah. I live in a small house with my family. I have a cat named Lucy. Every morning, I drink tea and eat toast. Today, I am going to the park.	2025-01-16 04:55:23.493257+00
2	Tom	Beginner	Hi, Tom! How are you? I am good, thank you. Are you free this weekend? Let's meet at the coffee shop on Sunday. We can talk and have a nice time.	2025-01-16 04:55:38.672849+00
3	Shopping	Beginner	I need to buy milk, bread, and eggs. I go to the supermarket every Friday. There are many fresh vegetables and fruits. I like to buy apples and bananas. After shopping, I go home and cook dinner.	2025-01-16 04:56:18.118282+00
4	The weathe	Beginner	The weather today is very sunny. I like warm and sunny days. In the winter, it often snows. My favorite season is spring. I love to see flowers and green trees.	2025-01-16 04:56:34.833385+00
5	My hobby	Beginner	My hobby is reading books. I also like to play the guitar. Every evening, I listen to music. On weekends, I visit my friends. We watch movies and eat popcorn together.	2025-01-16 04:56:54.477239+00
6	Morning Routine	Beginner	Every morning, I wake up at seven oclock and stretch in bed for a few minutes. Then, I brush my teeth and wash my face with cold water. I change into my clothes and prepare breakfast in the kitchen. Sometimes, I have eggs and toast with orange juice. Other times, I just eat cereal with milk. After breakfast, I pack my bag and leave for work or school.	2025-01-16 05:37:39.288485+00
7	At the Grocery Store	Beginner	I go to the grocery store every Saturday to buy food for the week. First, I grab a shopping cart at the entrance. Then, I go to the fruit and vegetable section to pick apples, bananas, carrots, and lettuce. Next, I buy bread, cheese, and milk from the dairy section. Before leaving, I stop to get some snacks like chips or cookies. Finally, I pay at the counter and carry the bags home.	2025-01-16 05:37:56.78421+00
8	In the Park	Beginner	After a long day, I like to take a walk in the park near my house. The park is peaceful, with trees and flowers everywhere. Children play on the swings while their parents sit on benches. I enjoy listening to the sound of birds singing in the trees. Sometimes, I bring a book to read under the shade of a big tree. Other times, I simply watch the sunset as the sky turns orange and pink.	2025-01-16 05:38:12.955245+00
9	Cooking Dinner	Beginner	Cooking dinner is one of my favorite activities in the evening. I start by washing my hands and preparing the ingredients. For example, I chop onions, garlic, and tomatoes to make a tasty pasta sauce. While the sauce is simmering, I boil pasta in a big pot. When everything is ready, I mix the sauce with the pasta and sprinkle some cheese on top. My family enjoys sitting together at the table and eating the food I cook.	2025-01-16 05:38:36.23867+00
10	Visiting a Friend	Beginner	On Sunday afternoons, I visit my best friend at her house. We usually sit in her living room and drink tea while chatting about our week. Sometimes, we play board games or listen to music. If the weather is nice, we go for a walk around her neighborhood. Before I leave, her family often invites me to stay for dinner. Its always a happy and relaxing time with my friend.	2025-01-16 05:38:52.352565+00
12	A Visit to the Beach	Intermediate	Last weekend, I went to the beach with my friends. The weather was sunny, but there was a cool breeze from the ocean. We brought snacks, drinks, and a volleyball. While some of us were swimming, others played volleyball on the sand. Later, we built a sandcastle and decorated it with seashells. The sound of the waves was so relaxing that I almost fell asleep. We stayed until sunset and took many pictures. It was a perfect day to enjoy nature and have fun together.	2025-01-16 05:42:48.732235+00
13	Learning a New Language	Intermediate	Learning a new language is both challenging and exciting. It requires a lot of practice and patience. I try to study English every day for at least one hour. I watch English movies with subtitles and listen to podcasts. Reading books and writing essays also help improve my skills. Sometimes I feel frustrated when I dont understand something, but I remind myself that progress takes time. Practicing with native speakers is the best way to learn. Every small step brings me closer to fluency.	2025-01-16 05:43:02.845832+00
14	A Day at the Zoo	Intermediate	Last month, I visited the zoo with my family. We saw many interesting animals, like lions, elephants, and giraffes. The monkeys were very playful and made everyone laugh. My favorite part was watching the penguins swim. They moved so quickly in the water! We also learned about endangered species and how zoos help protect them. After walking for hours, we had lunch at a small caf. It was an educational and enjoyable trip for everyone.	2025-01-16 05:43:16.754614+00
15	Preparing for an Exam	Intermediate	I have an important exam next week, so I am studying hard. I made a schedule to organize my time and focus on each subject. In the mornings, I review my notes and practice solving problems. In the afternoons, I take short breaks and try to relax. Studying in the evening is also productive for me because its quiet. Sometimes, I feel nervous, but I remind myself to stay positive. Good preparation will help me do my best. I hope I will pass with a high score.	2025-01-16 05:43:29.764202+00
16	Cooking a New Recipe	Intermediate	Yesterday, I decided to try cooking a new recipe. I found it online and bought all the ingredients. It was a pasta dish with vegetables and a creamy sauce. Following the instructions was easy, but I made a small mistake with the spices. The food turned out a bit too salty, but it was still delicious. My family enjoyed it and even asked for more. Next time, I will be more careful with the seasoning. Cooking is a fun way to try something new.	2025-01-16 05:43:44.495314+00
17	A Memorable Birthday	Intermediate	My last birthday was unforgettable. My friends planned a surprise party for me at a small caf. When I arrived, everyone shouted, Happy Birthday! There were balloons, decorations, and a beautiful cake. We played games, took pictures, and danced to our favorite music. One of my friends gave me a handmade gift, which was very special. At the end of the evening, I felt so happy and loved. It was the best birthday Ive ever had.	2025-01-16 05:43:59.343779+00
18	A Walk in the Park	Intermediate	In the evenings, I like to take a walk in the park near my house. Its a peaceful place with tall trees and colorful flowers. There is a small lake where ducks swim, and sometimes I feed them bread. Walking helps me clear my mind and relax after a busy day. I also enjoy listening to the sounds of nature, like birds singing and leaves rustling. Many people come to the park to exercise or spend time with their families. Its my favorite place to unwind.	2025-01-16 05:44:13.846316+00
19	My Favorite Hobby	Intermediate	My favorite hobby is painting. I usually paint landscapes, like mountains, rivers, and forests. It helps me express my feelings and relax. Sometimes, I paint while listening to music, which makes it even more enjoyable. I use watercolors because they are easy to work with and create soft effects. My friends often admire my work and encourage me to keep painting. One day, I hope to have my own art exhibition. Painting is more than a hobby; its my passion.	2025-01-16 05:44:31.351653+00
20	A Visit to a New City	Intermediate	Last summer, I visited a new city for the first time. It was exciting to explore different neighborhoods and see the local culture. I visited several museums, parks, and historical sites. The city had many small cafes with delicious food, and I tried a few traditional dishes. The people were friendly and helped me find my way when I got lost. At night, the streets were beautifully lit, creating a magical atmosphere. I took many pictures to remember the trip. It was a great experience, and I hope to go back someday.	2025-01-16 05:44:43.161861+00
21	Taking Care of a Pet	Intermediate	Having a pet is a big responsibility, but its also rewarding. My family has a dog named Max, and he is very playful and friendly. Every morning, I take him for a walk in the park. He loves running and playing with other dogs. I make sure to feed him healthy food and give him fresh water every day. Sometimes, we take Max to the vet for a check-up to keep him healthy. He brings so much joy and happiness to our home. Taking care of him is a pleasure.	2025-01-16 05:44:55.632561+00
30	The Joy of Helping Others	Advanced	Helping others is one of the most fulfilling things you can do. It not only benefits those in need but also brings happiness to the person offering help. Acts of kindness, whether big or small, strengthen communities and foster a sense of connection. Volunteering, for instance, is a great way to make a positive impact while developing new skills. Helping others also teaches empathy and gratitude. Its a reminder that even small actions can make a big difference in someones life.	2025-01-16 06:09:25.339994+00
24	The Power of Reading	Advanced	Reading is one of the most rewarding habits a person can develop. It expands your knowledge, improves your vocabulary, and stimulates your imagination. Through books, you can travel to distant places and experience different cultures without leaving your home. Reading also helps reduce stress by offering an escape from everyday worries. However, finding time to read can be challenging in todays busy world. Choosing the right book is equally important, as it can spark curiosity and inspire new ideas. Whether its fiction or nonfiction, reading has the power to transform your perspective on life.	2025-01-16 06:06:10.841145+00
25	The Benefits of Nature Walks	Advanced	Spending time in nature is a simple yet powerful way to improve your well-being. A walk in the park or forest can reduce stress and clear your mind. Its an opportunity to disconnect from technology and reconnect with yourself. Breathing fresh air and listening to birds can boost your mood and creativity. Studies show that spending just 20 minutes in nature can lower blood pressure and improve focus. Whether you go alone or with friends, a nature walk can be a refreshing break from a hectic lifestyle.	2025-01-16 06:08:19.694396+00
26	The Role of Music in Our Lives	Advanced	Music has a unique ability to influence our emotions and connect people. A favorite song can lift your mood, while soft music can help you relax after a long day. Its also a universal language that brings cultures together, allowing people to express themselves in ways words cannot. Music therapy is even used to treat stress and anxiety. Whether you play an instrument or simply listen, music enriches life in countless ways. Its not just entertainmentits a powerful tool for personal and emotional growth.	2025-01-16 06:08:34.34788+00
27	Why Exercise is Essential	Advanced	Regular exercise is key to maintaining a healthy body and mind. It helps improve your physical strength, boosts energy levels, and reduces the risk of chronic illnesses. Exercise is also great for mental health, as it releases endorphins that make you feel happier. Even a 30-minute walk each day can have a significant impact. For those with busy schedules, finding time to exercise can be difficult, but its worth the effort. Making fitness a priority is one of the best decisions you can make for your overall well-being.	2025-01-16 06:08:47.986328+00
28	The Importance of Learning a Second Language	Advanced	Learning a second language is an excellent way to broaden your horizons. It opens doors to new opportunities and helps you connect with people from different backgrounds. Knowing another language also improves memory and problem-solving skills. While it takes time and dedication, the rewards are worth it. Traveling becomes more enjoyable when you can communicate with locals in their native language. Additionally, its a valuable skill in todays global job market. Whether for personal or professional reasons, learning a second language is an investment in yourself.	2025-01-16 06:09:00.758333+00
29	Why Time Management Matters	Advanced	Good time management is crucial for achieving success and reducing stress. It allows you to prioritize tasks, meet deadlines, and maintain a healthy work-life balance. Planning your day ahead and setting realistic goals can make a big difference. However, many people struggle with procrastination, which leads to wasted time and missed opportunities. By staying organized and focused, you can accomplish more in less time. Effective time management is not just a skillits a habit that can transform your daily life.	2025-01-16 06:09:13.836141+00
31	The Importance of Setting Goals	Advanced	Setting goals gives your life direction and motivates you to achieve more. Whether short-term or long-term, goals help you stay focused and organized. Writing them down and breaking them into smaller steps can make them easier to achieve. However, its important to be realistic and flexible, as challenges may arise along the way. Celebrating small successes keeps you motivated and builds confidence. Goals are not just about reaching a destinationtheyre about the growth and learning that happens along the journey.	2025-01-16 06:09:39.547044+00
32	Why Hobbies Matte	Advanced	Having a hobby is essential for maintaining a balanced life. It provides an outlet for creativity and a way to unwind after a busy day. Hobbies like painting, gardening, or playing sports can also improve mental health. They give you a sense of accomplishment and help you discover new talents. Sharing hobbies with others can strengthen relationships and create lasting memories. In todays fast-paced world, taking time for hobbies is a reminder to enjoy the simple pleasures of life.	2025-01-16 06:09:50.899593+00
33	The Challenges of Modern Communication	Advanced	In the digital age, communication has become faster and more convenient. However, it also comes with challenges, such as misunderstandings and the lack of personal connection. Text messages and emails often lack the emotional tone of face-to-face conversations. Social media, while useful, can create unrealistic expectations and feelings of isolation. To communicate effectively, its important to choose the right method for each situation. Sometimes, a phone call or in-person meeting can make a greater impact than a text. Balancing digital and personal communication is key to building meaningful relationships.	2025-01-16 06:10:03.769303+00
\.


--
-- Data for Name: stats_achievement; Type: TABLE DATA; Schema: public; Owner: esl_user
--

COPY public.stats_achievement (id, code, name, description, xp_threshold) FROM stdin;
\.


--
-- Data for Name: stats_eventlog; Type: TABLE DATA; Schema: public; Owner: esl_user
--

COPY public.stats_eventlog (id, event_type, "timestamp", user_id) FROM stdin;
1	enter_pronunciation	2025-01-16 04:58:27.252985+00	1
2	enter_pronunciation	2025-01-16 05:39:52.040223+00	8
3	enter_pronunciation	2025-01-16 05:48:48.036064+00	8
4	enter_conversation	2025-01-16 05:51:12.580211+00	8
5	enter_conversation	2025-01-16 05:53:16.386941+00	8
6	enter_pronunciation	2025-01-16 05:55:00.272174+00	7
7	enter_pronunciation	2025-01-16 06:07:19.773028+00	7
8	enter_exercises	2025-01-16 06:19:51.296714+00	7
9	enter_exercises	2025-01-16 07:10:23.033771+00	7
\.


--
-- Data for Name: stats_unlockedachievement; Type: TABLE DATA; Schema: public; Owner: esl_user
--

COPY public.stats_unlockedachievement (id, unlocked_at, achievement_id, user_progress_id) FROM stdin;
\.


--
-- Data for Name: stats_userprogress; Type: TABLE DATA; Schema: public; Owner: esl_user
--

COPY public.stats_userprogress (id, xp, user_id) FROM stdin;
1	10	1
8	20	8
7	30	7
\.


--
-- Data for Name: subscriptions_plan; Type: TABLE DATA; Schema: public; Owner: esl_user
--

COPY public.subscriptions_plan (id, name, description, max_requests_per_day, allow_gpt4) FROM stdin;
1	free	Free plan	999999	f
\.


--
-- Data for Name: subscriptions_usersubscription; Type: TABLE DATA; Schema: public; Owner: esl_user
--

COPY public.subscriptions_usersubscription (id, plan_id, user_id) FROM stdin;
1	1	1
7	1	7
8	1	8
\.


--
-- Data for Name: token_blacklist_blacklistedtoken; Type: TABLE DATA; Schema: public; Owner: esl_user
--

COPY public.token_blacklist_blacklistedtoken (id, blacklisted_at, token_id) FROM stdin;
1	2025-01-16 03:35:07.149139+00	21
2	2025-01-16 04:24:43.161924+00	23
3	2025-01-16 04:51:34.930947+00	24
4	2025-01-16 04:59:02.236521+00	25
5	2025-01-16 05:31:42.835922+00	26
6	2025-01-16 05:49:22.230931+00	31
7	2025-01-16 05:50:19.291153+00	27
8	2025-01-16 06:03:30.406025+00	35
9	2025-01-16 06:18:05.346052+00	36
10	2025-01-16 06:37:38.36135+00	37
11	2025-01-16 06:56:22.310736+00	38
12	2025-01-16 07:09:47.680719+00	39
13	2025-01-16 07:21:23.652744+00	40
14	2025-01-16 07:32:11.954676+00	41
15	2025-01-16 08:01:03.322043+00	42
16	2025-01-16 08:35:18.155551+00	34
17	2025-01-16 08:47:17.378928+00	43
\.


--
-- Data for Name: token_blacklist_outstandingtoken; Type: TABLE DATA; Schema: public; Owner: esl_user
--

COPY public.token_blacklist_outstandingtoken (id, token, created_at, expires_at, user_id, jti) FROM stdin;
1	eyJhbGciOiJIUzI1NiIsInR5cCI6IkpXVCJ9.eyJ0b2tlbl90eXBlIjoicmVmcmVzaCIsImV4cCI6MTczNzU3NzQxMiwiaWF0IjoxNzM2OTcyNjEyLCJqdGkiOiI4ZjFhNzdkYjM1MmE0NjViYjEzYzRlMTc4MThhZTI4NSIsInVzZXJfaWQiOjF9.ox-335YGFH0R_-GgtVLD3lW6-2LqpvFgXb4B1fR4VoE	2025-01-15 20:23:32.793473+00	2025-01-22 20:23:32+00	1	8f1a77db352a465bb13c4e17818ae285
2	eyJhbGciOiJIUzI1NiIsInR5cCI6IkpXVCJ9.eyJ0b2tlbl90eXBlIjoicmVmcmVzaCIsImV4cCI6MTczNzU3Nzc5NSwiaWF0IjoxNzM2OTcyOTk1LCJqdGkiOiI3MzE3OTQ1NDIwODc0YTE1OTQyOGJjNzljZGFhMzJhYiIsInVzZXJfaWQiOjF9.gFhDfaD6chWvSvXZpP6RSnR4wCrx-t1cNNx3GTKz4V0	2025-01-15 20:29:55.203391+00	2025-01-22 20:29:55+00	1	7317945420874a159428bc79cdaa32ab
3	eyJhbGciOiJIUzI1NiIsInR5cCI6IkpXVCJ9.eyJ0b2tlbl90eXBlIjoicmVmcmVzaCIsImV4cCI6MTczNzU3ODE1MSwiaWF0IjoxNzM2OTczMzUxLCJqdGkiOiJjMzA4ODc0ODMwMTk0NzJhYmY5NGIyMGY4MWZlNjA1MiIsInVzZXJfaWQiOjF9.g5tmXTUYzrtLURZ4i4wsk_LzdhSTf-UOhYGhVaQXThc	2025-01-15 20:35:51.227776+00	2025-01-22 20:35:51+00	1	c30887483019472abf94b20f81fe6052
4	eyJhbGciOiJIUzI1NiIsInR5cCI6IkpXVCJ9.eyJ0b2tlbl90eXBlIjoicmVmcmVzaCIsImV4cCI6MTczNzU3OTIyOSwiaWF0IjoxNzM2OTc0NDI5LCJqdGkiOiI3Njg4MWE3NzU1MzQ0YThiYTMwNjA4MTVjNzdlNzM4MyIsInVzZXJfaWQiOjF9.H_9OjgymVxxK-gYuzRUK5B1NMmNhAEu-jvnJI1_6ggM	2025-01-15 20:53:49.505849+00	2025-01-22 20:53:49+00	1	76881a7755344a8ba3060815c77e7383
5	eyJhbGciOiJIUzI1NiIsInR5cCI6IkpXVCJ9.eyJ0b2tlbl90eXBlIjoicmVmcmVzaCIsImV4cCI6MTczNzU4MTMyNCwiaWF0IjoxNzM2OTc2NTI0LCJqdGkiOiJmNzhlZWI5YzRhY2E0NWJkOGY5MDgxNzI3NTY1MGFkMCIsInVzZXJfaWQiOjF9.u5NymPbWWtcRDwD0oTZ7KRs4SNtPelRPTgVE-EejQ6A	2025-01-15 21:28:44.460211+00	2025-01-22 21:28:44+00	1	f78eeb9c4aca45bd8f90817275650ad0
6	eyJhbGciOiJIUzI1NiIsInR5cCI6IkpXVCJ9.eyJ0b2tlbl90eXBlIjoicmVmcmVzaCIsImV4cCI6MTczNzU4MTM0NSwiaWF0IjoxNzM2OTc2NTQ1LCJqdGkiOiIyMjgwY2VhNDg3NGU0MzY1OThkNDM4OTcxMDAyYjM4YiIsInVzZXJfaWQiOjF9.rfJdOXkmjFdiGHJQfOhMFfn7zyynVJzhLjMx9Zj6FC0	2025-01-15 21:29:05.738338+00	2025-01-22 21:29:05+00	1	2280cea4874e436598d438971002b38b
7	eyJhbGciOiJIUzI1NiIsInR5cCI6IkpXVCJ9.eyJ0b2tlbl90eXBlIjoicmVmcmVzaCIsImV4cCI6MTczNzU4MTQwOCwiaWF0IjoxNzM2OTc2NjA4LCJqdGkiOiJlYjIwNzExOGEwMGM0ZDI0YjU0M2U3Mzc0NjFiMjE5NCIsInVzZXJfaWQiOjF9.7fy4KLhHbQQFpoW255u3-NfY56xSKvvbox2CWznY0Gc	2025-01-15 21:30:08.180942+00	2025-01-22 21:30:08+00	1	eb207118a00c4d24b543e737461b2194
8	eyJhbGciOiJIUzI1NiIsInR5cCI6IkpXVCJ9.eyJ0b2tlbl90eXBlIjoicmVmcmVzaCIsImV4cCI6MTczNzU4MTU4NCwiaWF0IjoxNzM2OTc2Nzg0LCJqdGkiOiJkM2JlZjk3ZmE3MTI0NmZjOTQ1OWU0NGRkNWRjYmZhYSIsInVzZXJfaWQiOjF9.n9gc3aCTKm_hyzN8XE6MSVHB5YDcZljYl_x8aXAk6BU	2025-01-15 21:33:04.776837+00	2025-01-22 21:33:04+00	1	d3bef97fa71246fc9459e44dd5dcbfaa
9	eyJhbGciOiJIUzI1NiIsInR5cCI6IkpXVCJ9.eyJ0b2tlbl90eXBlIjoicmVmcmVzaCIsImV4cCI6MTczNzU4MTY1NiwiaWF0IjoxNzM2OTc2ODU2LCJqdGkiOiJmMWMwYWQ4NTczZjg0OGZlYjg4OTBhYjZjMjJiMDU4ZSIsInVzZXJfaWQiOjF9._hw2afeTETY3QI7mimCVg3rRvMhZ6mFhKZ5DPOAQuP8	2025-01-15 21:34:16.281363+00	2025-01-22 21:34:16+00	1	f1c0ad8573f848feb8890ab6c22b058e
10	eyJhbGciOiJIUzI1NiIsInR5cCI6IkpXVCJ9.eyJ0b2tlbl90eXBlIjoicmVmcmVzaCIsImV4cCI6MTczNzU4MTkxMCwiaWF0IjoxNzM2OTc3MTEwLCJqdGkiOiI3OTJjM2IyZTUzMjE0ZmJhYjYwZjdhODZlNjMzMWJjMyIsInVzZXJfaWQiOjF9.V1zEPrwbBGPYAqH3zXkjcBIpIJxOlvU0vLJngU_x3rs	2025-01-15 21:38:30.522373+00	2025-01-22 21:38:30+00	1	792c3b2e53214fbab60f7a86e6331bc3
11	eyJhbGciOiJIUzI1NiIsInR5cCI6IkpXVCJ9.eyJ0b2tlbl90eXBlIjoicmVmcmVzaCIsImV4cCI6MTczNzU4MTkyMCwiaWF0IjoxNzM2OTc3MTIwLCJqdGkiOiJlYzdhZDNmNGU3ZjU0M2NiODRjNGY4Mzk4MDQ1NGM2NSIsInVzZXJfaWQiOjF9.Q47IRtyhKb7KHaW0gwLNuwPt1ON1FGMvEcT9QjNokB8	2025-01-15 21:38:40.992387+00	2025-01-22 21:38:40+00	1	ec7ad3f4e7f543cb84c4f83980454c65
12	eyJhbGciOiJIUzI1NiIsInR5cCI6IkpXVCJ9.eyJ0b2tlbl90eXBlIjoicmVmcmVzaCIsImV4cCI6MTczNzU4MTkzOCwiaWF0IjoxNzM2OTc3MTM4LCJqdGkiOiJlMjY3M2Q1OTg1YmU0ZDNlYWM4YjZlMWNmZjMzMjU1ZCIsInVzZXJfaWQiOjF9.Ji0JfBfaBe4-IxjCLSVW_BqaW6s9j2Qy98pCmUBHfNw	2025-01-15 21:38:58.281415+00	2025-01-22 21:38:58+00	1	e2673d5985be4d3eac8b6e1cff33255d
13	eyJhbGciOiJIUzI1NiIsInR5cCI6IkpXVCJ9.eyJ0b2tlbl90eXBlIjoicmVmcmVzaCIsImV4cCI6MTczNzU4MjEyMywiaWF0IjoxNzM2OTc3MzIzLCJqdGkiOiIzNTFlYzkxMGVlM2Y0MzdmYmY2ZWU5MzcxYzQxOTdlYiIsInVzZXJfaWQiOjF9.V1nOVZNyW_TDHF3X0d1vEsiL0uABbxuIj3NelCEzO6c	2025-01-15 21:42:03.386271+00	2025-01-22 21:42:03+00	1	351ec910ee3f437fbf6ee9371c4197eb
14	eyJhbGciOiJIUzI1NiIsInR5cCI6IkpXVCJ9.eyJ0b2tlbl90eXBlIjoicmVmcmVzaCIsImV4cCI6MTczNzU4MjM1OCwiaWF0IjoxNzM2OTc3NTU4LCJqdGkiOiI4MGQyZjIzZmI3MDc0Y2Q0YTZjNjliZGRkOTJkNThlYiIsInVzZXJfaWQiOjF9.OQxBhFpmxjDw6Y39U2dW0kpLXnnT-27cjMDcf4Z9QpY	2025-01-15 21:45:58.058045+00	2025-01-22 21:45:58+00	1	80d2f23fb7074cd4a6c69bddd92d58eb
15	eyJhbGciOiJIUzI1NiIsInR5cCI6IkpXVCJ9.eyJ0b2tlbl90eXBlIjoicmVmcmVzaCIsImV4cCI6MTczNzU4MzYxOCwiaWF0IjoxNzM2OTc4ODE4LCJqdGkiOiJkODRlOTUzZDAyMzY0ZGM4OTdjMjY1MmJlMjIwOGFkZCIsInVzZXJfaWQiOjF9.mlXnxlC0OVQAHMjbizhqot1h5CR7Fe3WysFCR-iMhWE	2025-01-15 22:06:58.918557+00	2025-01-22 22:06:58+00	1	d84e953d02364dc897c2652be2208add
16	eyJhbGciOiJIUzI1NiIsInR5cCI6IkpXVCJ9.eyJ0b2tlbl90eXBlIjoicmVmcmVzaCIsImV4cCI6MTczNzU4NjgzMiwiaWF0IjoxNzM2OTgyMDMyLCJqdGkiOiI3YjdkMDI5MDM0YzA0ODBkYTcyY2FmYWIxNWVmODk3MCIsInVzZXJfaWQiOjF9.BQYLNlVWjIGayhGELqnxUl84P-aWL1SOJjJt7rsPEQQ	2025-01-15 23:00:32.019484+00	2025-01-22 23:00:32+00	1	7b7d029034c0480da72cafab15ef8970
17	eyJhbGciOiJIUzI1NiIsInR5cCI6IkpXVCJ9.eyJ0b2tlbl90eXBlIjoicmVmcmVzaCIsImV4cCI6MTczNzU4Njg3MCwiaWF0IjoxNzM2OTgyMDcwLCJqdGkiOiI5ZmJhYjk2ZWExYzg0ZmRjOGE3ZjIzYTFlMDUwNDMzMyIsInVzZXJfaWQiOjF9.l-N3dNtusF9FICIDDPpTpYmUY2Kc1XWnfkoooPBWXDk	2025-01-15 23:01:10.16054+00	2025-01-22 23:01:10+00	1	9fbab96ea1c84fdc8a7f23a1e0504333
18	eyJhbGciOiJIUzI1NiIsInR5cCI6IkpXVCJ9.eyJ0b2tlbl90eXBlIjoicmVmcmVzaCIsImV4cCI6MTczNzYwMTA2NiwiaWF0IjoxNzM2OTk2MjY2LCJqdGkiOiIzZjIzZjE2YTE3YmM0OWJhYTBhMmZjMmY3YmY5MTBkNSIsInVzZXJfaWQiOjF9.rOQITyTZQ0EmuT3MxBPjWqdZrbtzLlitCx3msoqIwTk	2025-01-16 02:57:46.071096+00	2025-01-23 02:57:46+00	1	3f23f16a17bc49baa0a2fc2f7bf910d5
19	eyJhbGciOiJIUzI1NiIsInR5cCI6IkpXVCJ9.eyJ0b2tlbl90eXBlIjoicmVmcmVzaCIsImV4cCI6MTczNzYwMTA4MywiaWF0IjoxNzM2OTk2MjgzLCJqdGkiOiJhMzhhMzNiN2NhYTQ0MjI3ODJhNmRjYzI2NTc2MTMxZiIsInVzZXJfaWQiOjF9.AO0LDVDeoYhynKuYnGS92F3jgeApSnR40oLWAUhJEjc	2025-01-16 02:58:03.784137+00	2025-01-23 02:58:03+00	1	a38a33b7caa4422782a6dcc26576131f
20	eyJhbGciOiJIUzI1NiIsInR5cCI6IkpXVCJ9.eyJ0b2tlbl90eXBlIjoicmVmcmVzaCIsImV4cCI6MTczNzYwMTEyNiwiaWF0IjoxNzM2OTk2MzI2LCJqdGkiOiI0NTgwNjE3N2Y4NTU0M2NmODdlMTA3NTQ5OWE3NDgwMiIsInVzZXJfaWQiOjF9.rgjlUEUDjn5-b_3g_6wu1AEcznmweBrUlYatb9Nmm1M	2025-01-16 02:58:46.312715+00	2025-01-23 02:58:46+00	1	45806177f85543cf87e1075499a74802
21	eyJhbGciOiJIUzI1NiIsInR5cCI6IkpXVCJ9.eyJ0b2tlbl90eXBlIjoicmVmcmVzaCIsImV4cCI6MTczNzYwMzI5MCwiaWF0IjoxNzM2OTk4NDkwLCJqdGkiOiJjZDU2NjkzZjdlZGQ0MDdiOWI4ZTM0N2EwMDcxZTJhNyIsInVzZXJfaWQiOjF9.TwenG0F4tg8jsew2KxVXqxNYjI8MS6Fr7-4fshLX66M	2025-01-16 03:34:50.715901+00	2025-01-23 03:34:50+00	1	cd56693f7edd407b9b8e347a0071e2a7
22	eyJhbGciOiJIUzI1NiIsInR5cCI6IkpXVCJ9.eyJ0b2tlbl90eXBlIjoicmVmcmVzaCIsImV4cCI6MTczNzYwMzc2MiwiaWF0IjoxNzM2OTk4OTYyLCJqdGkiOiJmYmI1ZGMyYjkyZDA0MDdiOGJhNzMwMDJiZTI1M2IzZSIsInVzZXJfaWQiOjF9.RDOUbqoWfVxVm7OPuj_tCa8uj15HFwh695eJiOgOV0U	2025-01-16 03:42:42.230469+00	2025-01-23 03:42:42+00	1	fbb5dc2b92d0407b8ba73002be253b3e
23	eyJhbGciOiJIUzI1NiIsInR5cCI6IkpXVCJ9.eyJ0b2tlbl90eXBlIjoicmVmcmVzaCIsImV4cCI6MTczNzYwMzk3MiwiaWF0IjoxNzM2OTk5MTcyLCJqdGkiOiJmZjk1ODg4NzVhNmE0OTIzYmU3ZTJkYmI4ODY0NGZkNSIsInVzZXJfaWQiOjF9.OcQDmAK9wFmPyABZ_dE73nAKqLw_8JuYhYouIsEDfSU	2025-01-16 03:46:12.524646+00	2025-01-23 03:46:12+00	1	ff9588875a6a4923be7e2dbb88644fd5
24	eyJhbGciOiJIUzI1NiIsInR5cCI6IkpXVCJ9.eyJ0b2tlbl90eXBlIjoicmVmcmVzaCIsImV4cCI6MTczNzYwNjI4MywiaWF0IjoxNzM3MDAxNDgzLCJqdGkiOiIxYTIzYmRlOWJkOTg0NjBmOGViMzc4NTRkMWE1ZTVhMCIsInVzZXJfaWQiOjF9.hIVGgAV76A1ueLI_VqjidZlcLbGXPIVq8aYfu0g7aoM	\N	2025-01-23 04:24:43+00	\N	1a23bde9bd98460f8eb37854d1a5e5a0
25	eyJhbGciOiJIUzI1NiIsInR5cCI6IkpXVCJ9.eyJ0b2tlbl90eXBlIjoicmVmcmVzaCIsImV4cCI6MTczNzYwNzg5NCwiaWF0IjoxNzM3MDAzMDk0LCJqdGkiOiI5Mzg4MzNhODVlNTc0YjU1OTE4ZGI0N2FmNThkNDQwZSIsInVzZXJfaWQiOjF9.PsPEBZ-98TSERI7AiHulwjk5U1cWrX3ezh1ZN6q50po	\N	2025-01-23 04:51:34+00	\N	938833a85e574b55918db47af58d440e
26	eyJhbGciOiJIUzI1NiIsInR5cCI6IkpXVCJ9.eyJ0b2tlbl90eXBlIjoicmVmcmVzaCIsImV4cCI6MTczNzYxMDI5MiwiaWF0IjoxNzM3MDA1NDkyLCJqdGkiOiJjYTE4ZDBiYTdlMGM0MjQ0YWI0ZTc4NDI2MTMwMjMwOCIsInVzZXJfaWQiOjd9.EYSmJN3DfZUY9Ca1uEEhUfPUzTmXZi05jfhubI658qo	2025-01-16 05:31:32.835542+00	2025-01-23 05:31:32+00	7	ca18d0ba7e0c4244ab4e784261302308
27	eyJhbGciOiJIUzI1NiIsInR5cCI6IkpXVCJ9.eyJ0b2tlbl90eXBlIjoicmVmcmVzaCIsImV4cCI6MTczNzYxMDM4MSwiaWF0IjoxNzM3MDA1NTgxLCJqdGkiOiJmMjZkZWVmYzMwNzQ0ODIyYmMyODQzYTllYmEyNmNjNSIsInVzZXJfaWQiOjd9.fthPwIUQK1fzU5i9-wCKPktyiBmex3hQvLP898bqXMY	2025-01-16 05:33:01.751435+00	2025-01-23 05:33:01+00	7	f26deefc30744822bc2843a9eba26cc5
28	eyJhbGciOiJIUzI1NiIsInR5cCI6IkpXVCJ9.eyJ0b2tlbl90eXBlIjoicmVmcmVzaCIsImV4cCI6MTczNzYxMDU5OCwiaWF0IjoxNzM3MDA1Nzk4LCJqdGkiOiJiY2M0MDdlYWM1NTg0N2M4Yjk0ZjJjZDViYjQ3OWVhYiIsInVzZXJfaWQiOjh9.wktDL-gssPmGq7xKTEw1C8iJVyNUwQhAGvvrZSP_if0	2025-01-16 05:36:38.327861+00	2025-01-23 05:36:38+00	8	bcc407eac55847c8b94f2cd5bb479eab
29	eyJhbGciOiJIUzI1NiIsInR5cCI6IkpXVCJ9.eyJ0b2tlbl90eXBlIjoicmVmcmVzaCIsImV4cCI6MTczNzYxMDU5OCwiaWF0IjoxNzM3MDA1Nzk4LCJqdGkiOiI4YjJmYjlkMThmMDY0NWVjYTExNDRlYzk3MGEzN2NiMiIsInVzZXJfaWQiOjh9.OEbtz8zZ_DaiR7Rh1idk3_Q4OKQH4ljIIrJCYCIFLnE	2025-01-16 05:36:38.781864+00	2025-01-23 05:36:38+00	8	8b2fb9d18f0645eca1144ec970a37cb2
30	eyJhbGciOiJIUzI1NiIsInR5cCI6IkpXVCJ9.eyJ0b2tlbl90eXBlIjoicmVmcmVzaCIsImV4cCI6MTczNzYxMDc1MSwiaWF0IjoxNzM3MDA1OTUxLCJqdGkiOiIxMzAyNGZhNzhmNzY0YzhmYjMyYzhiNDdkZmJhZGNjMyIsInVzZXJfaWQiOjh9.ZgOjvY26H6-usdDIdxBuM6ca8CIgSfv9nvvcazOupu8	2025-01-16 05:39:11.145202+00	2025-01-23 05:39:11+00	8	13024fa78f764c8fb32c8b47dfbadcc3
31	eyJhbGciOiJIUzI1NiIsInR5cCI6IkpXVCJ9.eyJ0b2tlbl90eXBlIjoicmVmcmVzaCIsImV4cCI6MTczNzYxMDc1MiwiaWF0IjoxNzM3MDA1OTUyLCJqdGkiOiIzZjgyYjI0ZmQ0ZTk0ZjIyYTViMDBjNjRiN2U4ZTA3ZSIsInVzZXJfaWQiOjh9.pK929uYBi4dORNMCWA731fm9HG_TljeBah_VrhNqRvg	2025-01-16 05:39:12.462119+00	2025-01-23 05:39:12+00	8	3f82b24fd4e94f22a5b00c64b7e8e07e
32	eyJhbGciOiJIUzI1NiIsInR5cCI6IkpXVCJ9.eyJ0b2tlbl90eXBlIjoicmVmcmVzaCIsImV4cCI6MTczNzYxMTI2NSwiaWF0IjoxNzM3MDA2NDY1LCJqdGkiOiJmNjA4MjdhM2RmMzg0ZmU4OTU3MWU5NDk2OGEyNGNkNCIsInVzZXJfaWQiOjF9.5W-Cm58PmzIdRvOrh1Z8icshaClrkfk-5hQHQUPUklc	2025-01-16 05:47:45.897856+00	2025-01-23 05:47:45+00	1	f60827a3df384fe89571e94968a24cd4
33	eyJhbGciOiJIUzI1NiIsInR5cCI6IkpXVCJ9.eyJ0b2tlbl90eXBlIjoicmVmcmVzaCIsImV4cCI6MTczNzYxMTQyMywiaWF0IjoxNzM3MDA2NjIzLCJqdGkiOiJlZjg2ODU0ZmQ0MDA0Y2Y3YTZmYmFlYTQxZDM5ZGUyZiIsInVzZXJfaWQiOjh9.eAKeot5zf9ugrEKPRBUjxSB8ICjsu2RX3aGGpxJBnSk	2025-01-16 05:50:23.432252+00	2025-01-23 05:50:23+00	8	ef86854fd4004cf7a6fbaea41d39de2f
34	eyJhbGciOiJIUzI1NiIsInR5cCI6IkpXVCJ9.eyJ0b2tlbl90eXBlIjoicmVmcmVzaCIsImV4cCI6MTczNzYxMTQyNCwiaWF0IjoxNzM3MDA2NjI0LCJqdGkiOiJkYmFmYjlhYTMyOTY0OTZhYmZkYjkwODE1YWFiZjBkYiIsInVzZXJfaWQiOjh9.p7L6yDZ7heG0mTzGjPzxoelLG6PO6h0DroAszw_UXsk	2025-01-16 05:50:24.587289+00	2025-01-23 05:50:24+00	8	dbafb9aa3296496abfdb90815aabf0db
35	eyJhbGciOiJIUzI1NiIsInR5cCI6IkpXVCJ9.eyJ0b2tlbl90eXBlIjoicmVmcmVzaCIsImV4cCI6MTczNzYxMTQxOSwiaWF0IjoxNzM3MDA2NjE5LCJqdGkiOiJkYWIyYTEwZWQ5NGI0YWRlODZiZjgyNTQxZTk1ZWZhNCIsInVzZXJfaWQiOjd9.SCANJG25hRtUs1Z6w85DbZs5O2a4Zd4eivqzUEtId9w	\N	2025-01-23 05:50:19+00	\N	dab2a10ed94b4ade86bf82541e95efa4
36	eyJhbGciOiJIUzI1NiIsInR5cCI6IkpXVCJ9.eyJ0b2tlbl90eXBlIjoicmVmcmVzaCIsImV4cCI6MTczNzYxMjIxMCwiaWF0IjoxNzM3MDA3NDEwLCJqdGkiOiIxZjlkOWQ0Y2NkMmI0YTlkODg4ZWVmYzI5ZGY4ZTEzMiIsInVzZXJfaWQiOjd9.GmQQnPsBNA5FCrOPrg8D-hmuGzgRnXaB8rXPUhLtniM	\N	2025-01-23 06:03:30+00	\N	1f9d9d4ccd2b4a9d888eefc29df8e132
37	eyJhbGciOiJIUzI1NiIsInR5cCI6IkpXVCJ9.eyJ0b2tlbl90eXBlIjoicmVmcmVzaCIsImV4cCI6MTczNzYxMzA4NSwiaWF0IjoxNzM3MDA4Mjg1LCJqdGkiOiJlYzhhMWQ1MDA1MTU0MGM5OTFkMTA3MGFjMTcyOTVhYSIsInVzZXJfaWQiOjd9.QK69YsJWoCXCxO3MmEXTckQHiPuIyqbQtVwiYYvOC4c	\N	2025-01-23 06:18:05+00	\N	ec8a1d50051540c991d1070ac17295aa
38	eyJhbGciOiJIUzI1NiIsInR5cCI6IkpXVCJ9.eyJ0b2tlbl90eXBlIjoicmVmcmVzaCIsImV4cCI6MTczNzYxNDI1OCwiaWF0IjoxNzM3MDA5NDU4LCJqdGkiOiJhMTAxNWU3OWVlNDE0YjVjYWZmYTViMDIwMWFmZDY5NyIsInVzZXJfaWQiOjd9.wzxB0nb-frSHUYpgIy66sltwmxS4tc1I0aXKayqkzjY	\N	2025-01-23 06:37:38+00	\N	a1015e79ee414b5caffa5b0201afd697
39	eyJhbGciOiJIUzI1NiIsInR5cCI6IkpXVCJ9.eyJ0b2tlbl90eXBlIjoicmVmcmVzaCIsImV4cCI6MTczNzYxNTM4MiwiaWF0IjoxNzM3MDEwNTgyLCJqdGkiOiJhYjIzNzBkZWVkNDU0ZDg1ODJjNDQ1MTJjYTAzYmMyOSIsInVzZXJfaWQiOjd9.WVEMbNcmPnlxy5ouTHb5XzKvpMmF3VzQuhsGN7tSf-M	\N	2025-01-23 06:56:22+00	\N	ab2370deed454d8582c44512ca03bc29
40	eyJhbGciOiJIUzI1NiIsInR5cCI6IkpXVCJ9.eyJ0b2tlbl90eXBlIjoicmVmcmVzaCIsImV4cCI6MTczNzYxNjE4NywiaWF0IjoxNzM3MDExMzg3LCJqdGkiOiJiZmNjNDUyNDIyNmU0NjhlOWRiZTg1NGNlNzhjMGFhMSIsInVzZXJfaWQiOjd9.e2eqlN3mhm0luEiomB9fwBchT_5Zt5vSsV60CVYgknc	\N	2025-01-23 07:09:47+00	\N	bfcc4524226e468e9dbe854ce78c0aa1
41	eyJhbGciOiJIUzI1NiIsInR5cCI6IkpXVCJ9.eyJ0b2tlbl90eXBlIjoicmVmcmVzaCIsImV4cCI6MTczNzYxNjg4MywiaWF0IjoxNzM3MDEyMDgzLCJqdGkiOiIxMDYwZDY4Y2FhMTY0ZmIxODZiZTczODdlZjg1OGMxYiIsInVzZXJfaWQiOjd9.6SsozBWKIi0CxJ6qsp_331bJyXs8g5UUrx2ssA83hkQ	\N	2025-01-23 07:21:23+00	\N	1060d68caa164fb186be7387ef858c1b
42	eyJhbGciOiJIUzI1NiIsInR5cCI6IkpXVCJ9.eyJ0b2tlbl90eXBlIjoicmVmcmVzaCIsImV4cCI6MTczNzYxNzUzMSwiaWF0IjoxNzM3MDEyNzMxLCJqdGkiOiJlZDgzN2FkYmM3OTI0NTYxYWY3NzNmM2RhM2M5MTMxMSIsInVzZXJfaWQiOjd9.tSPK9l4Pid64K7remdJRW9qikxanOqf984fCqrKSyck	\N	2025-01-23 07:32:11+00	\N	ed837adbc7924561af773f3da3c91311
43	eyJhbGciOiJIUzI1NiIsInR5cCI6IkpXVCJ9.eyJ0b2tlbl90eXBlIjoicmVmcmVzaCIsImV4cCI6MTczNzYxOTI2MywiaWF0IjoxNzM3MDE0NDYzLCJqdGkiOiIyOTg4MTA3ZWU1ZDg0NTUxYjhjYjRlZmY2ZmM4OTgzZSIsInVzZXJfaWQiOjd9.87I4ZQJgsEPsJHM_YcCOfjtcGTcr4BurJhWjNJ1T9n0	\N	2025-01-23 08:01:03+00	\N	2988107ee5d84551b8cb4eff6fc8983e
\.


--
-- Name: accounts_customuser_groups_id_seq; Type: SEQUENCE SET; Schema: public; Owner: esl_user
--

SELECT pg_catalog.setval('public.accounts_customuser_groups_id_seq', 1, false);


--
-- Name: accounts_customuser_id_seq; Type: SEQUENCE SET; Schema: public; Owner: esl_user
--

SELECT pg_catalog.setval('public.accounts_customuser_id_seq', 8, true);


--
-- Name: accounts_customuser_user_permissions_id_seq; Type: SEQUENCE SET; Schema: public; Owner: esl_user
--

SELECT pg_catalog.setval('public.accounts_customuser_user_permissions_id_seq', 1, false);


--
-- Name: accounts_emailconfirmation_id_seq; Type: SEQUENCE SET; Schema: public; Owner: esl_user
--

SELECT pg_catalog.setval('public.accounts_emailconfirmation_id_seq', 7, true);


--
-- Name: accounts_passwordresettoken_id_seq; Type: SEQUENCE SET; Schema: public; Owner: esl_user
--

SELECT pg_catalog.setval('public.accounts_passwordresettoken_id_seq', 3, true);


--
-- Name: auth_group_id_seq; Type: SEQUENCE SET; Schema: public; Owner: esl_user
--

SELECT pg_catalog.setval('public.auth_group_id_seq', 1, false);


--
-- Name: auth_group_permissions_id_seq; Type: SEQUENCE SET; Schema: public; Owner: esl_user
--

SELECT pg_catalog.setval('public.auth_group_permissions_id_seq', 1, false);


--
-- Name: auth_permission_id_seq; Type: SEQUENCE SET; Schema: public; Owner: esl_user
--

SELECT pg_catalog.setval('public.auth_permission_id_seq', 104, true);


--
-- Name: chat_chatroom_id_seq; Type: SEQUENCE SET; Schema: public; Owner: esl_user
--

SELECT pg_catalog.setval('public.chat_chatroom_id_seq', 1, true);


--
-- Name: conversation_voiceconversation_id_seq; Type: SEQUENCE SET; Schema: public; Owner: esl_user
--

SELECT pg_catalog.setval('public.conversation_voiceconversation_id_seq', 1, true);


--
-- Name: conversation_voicemessage_id_seq; Type: SEQUENCE SET; Schema: public; Owner: esl_user
--

SELECT pg_catalog.setval('public.conversation_voicemessage_id_seq', 6, true);


--
-- Name: django_admin_log_id_seq; Type: SEQUENCE SET; Schema: public; Owner: esl_user
--

SELECT pg_catalog.setval('public.django_admin_log_id_seq', 83, true);


--
-- Name: django_content_type_id_seq; Type: SEQUENCE SET; Schema: public; Owner: esl_user
--

SELECT pg_catalog.setval('public.django_content_type_id_seq', 26, true);


--
-- Name: django_migrations_id_seq; Type: SEQUENCE SET; Schema: public; Owner: esl_user
--

SELECT pg_catalog.setval('public.django_migrations_id_seq', 55, true);


--
-- Name: exercises_exercise_id_seq; Type: SEQUENCE SET; Schema: public; Owner: esl_user
--

SELECT pg_catalog.setval('public.exercises_exercise_id_seq', 32, true);


--
-- Name: exercises_exerciseattempt_id_seq; Type: SEQUENCE SET; Schema: public; Owner: esl_user
--

SELECT pg_catalog.setval('public.exercises_exerciseattempt_id_seq', 2, true);


--
-- Name: exercises_exerciseblank_id_seq; Type: SEQUENCE SET; Schema: public; Owner: esl_user
--

SELECT pg_catalog.setval('public.exercises_exerciseblank_id_seq', 96, true);


--
-- Name: pronunciation_mispronouncedword_id_seq; Type: SEQUENCE SET; Schema: public; Owner: esl_user
--

SELECT pg_catalog.setval('public.pronunciation_mispronouncedword_id_seq', 1, false);


--
-- Name: pronunciation_mispronouncedwordglobal_id_seq; Type: SEQUENCE SET; Schema: public; Owner: esl_user
--

SELECT pg_catalog.setval('public.pronunciation_mispronouncedwordglobal_id_seq', 48, true);


--
-- Name: pronunciation_pronunciationattempt_id_seq; Type: SEQUENCE SET; Schema: public; Owner: esl_user
--

SELECT pg_catalog.setval('public.pronunciation_pronunciationattempt_id_seq', 5, true);


--
-- Name: pronunciation_pronunciationexercise_id_seq; Type: SEQUENCE SET; Schema: public; Owner: esl_user
--

SELECT pg_catalog.setval('public.pronunciation_pronunciationexercise_id_seq', 33, true);


--
-- Name: stats_achievement_id_seq; Type: SEQUENCE SET; Schema: public; Owner: esl_user
--

SELECT pg_catalog.setval('public.stats_achievement_id_seq', 1, false);


--
-- Name: stats_eventlog_id_seq; Type: SEQUENCE SET; Schema: public; Owner: esl_user
--

SELECT pg_catalog.setval('public.stats_eventlog_id_seq', 9, true);


--
-- Name: stats_unlockedachievement_id_seq; Type: SEQUENCE SET; Schema: public; Owner: esl_user
--

SELECT pg_catalog.setval('public.stats_unlockedachievement_id_seq', 1, false);


--
-- Name: stats_userprogress_id_seq; Type: SEQUENCE SET; Schema: public; Owner: esl_user
--

SELECT pg_catalog.setval('public.stats_userprogress_id_seq', 8, true);


--
-- Name: subscriptions_plan_id_seq; Type: SEQUENCE SET; Schema: public; Owner: esl_user
--

SELECT pg_catalog.setval('public.subscriptions_plan_id_seq', 1, true);


--
-- Name: subscriptions_usersubscription_id_seq; Type: SEQUENCE SET; Schema: public; Owner: esl_user
--

SELECT pg_catalog.setval('public.subscriptions_usersubscription_id_seq', 8, true);


--
-- Name: token_blacklist_blacklistedtoken_id_seq; Type: SEQUENCE SET; Schema: public; Owner: esl_user
--

SELECT pg_catalog.setval('public.token_blacklist_blacklistedtoken_id_seq', 17, true);


--
-- Name: token_blacklist_outstandingtoken_id_seq; Type: SEQUENCE SET; Schema: public; Owner: esl_user
--

SELECT pg_catalog.setval('public.token_blacklist_outstandingtoken_id_seq', 43, true);


--
-- Name: accounts_customuser_groups accounts_customuser_groups_customuser_id_group_id_c074bdcb_uniq; Type: CONSTRAINT; Schema: public; Owner: esl_user
--

ALTER TABLE ONLY public.accounts_customuser_groups
    ADD CONSTRAINT accounts_customuser_groups_customuser_id_group_id_c074bdcb_uniq UNIQUE (customuser_id, group_id);


--
-- Name: accounts_customuser_groups accounts_customuser_groups_pkey; Type: CONSTRAINT; Schema: public; Owner: esl_user
--

ALTER TABLE ONLY public.accounts_customuser_groups
    ADD CONSTRAINT accounts_customuser_groups_pkey PRIMARY KEY (id);


--
-- Name: accounts_customuser accounts_customuser_pkey; Type: CONSTRAINT; Schema: public; Owner: esl_user
--

ALTER TABLE ONLY public.accounts_customuser
    ADD CONSTRAINT accounts_customuser_pkey PRIMARY KEY (id);


--
-- Name: accounts_customuser_user_permissions accounts_customuser_user_customuser_id_permission_9632a709_uniq; Type: CONSTRAINT; Schema: public; Owner: esl_user
--

ALTER TABLE ONLY public.accounts_customuser_user_permissions
    ADD CONSTRAINT accounts_customuser_user_customuser_id_permission_9632a709_uniq UNIQUE (customuser_id, permission_id);


--
-- Name: accounts_customuser_user_permissions accounts_customuser_user_permissions_pkey; Type: CONSTRAINT; Schema: public; Owner: esl_user
--

ALTER TABLE ONLY public.accounts_customuser_user_permissions
    ADD CONSTRAINT accounts_customuser_user_permissions_pkey PRIMARY KEY (id);


--
-- Name: accounts_customuser accounts_customuser_username_key; Type: CONSTRAINT; Schema: public; Owner: esl_user
--

ALTER TABLE ONLY public.accounts_customuser
    ADD CONSTRAINT accounts_customuser_username_key UNIQUE (username);


--
-- Name: accounts_emailconfirmation accounts_emailconfirmation_pkey; Type: CONSTRAINT; Schema: public; Owner: esl_user
--

ALTER TABLE ONLY public.accounts_emailconfirmation
    ADD CONSTRAINT accounts_emailconfirmation_pkey PRIMARY KEY (id);


--
-- Name: accounts_emailconfirmation accounts_emailconfirmation_token_key; Type: CONSTRAINT; Schema: public; Owner: esl_user
--

ALTER TABLE ONLY public.accounts_emailconfirmation
    ADD CONSTRAINT accounts_emailconfirmation_token_key UNIQUE (token);


--
-- Name: accounts_passwordresettoken accounts_passwordresettoken_pkey; Type: CONSTRAINT; Schema: public; Owner: esl_user
--

ALTER TABLE ONLY public.accounts_passwordresettoken
    ADD CONSTRAINT accounts_passwordresettoken_pkey PRIMARY KEY (id);


--
-- Name: accounts_passwordresettoken accounts_passwordresettoken_token_key; Type: CONSTRAINT; Schema: public; Owner: esl_user
--

ALTER TABLE ONLY public.accounts_passwordresettoken
    ADD CONSTRAINT accounts_passwordresettoken_token_key UNIQUE (token);


--
-- Name: auth_group auth_group_name_key; Type: CONSTRAINT; Schema: public; Owner: esl_user
--

ALTER TABLE ONLY public.auth_group
    ADD CONSTRAINT auth_group_name_key UNIQUE (name);


--
-- Name: auth_group_permissions auth_group_permissions_group_id_permission_id_0cd325b0_uniq; Type: CONSTRAINT; Schema: public; Owner: esl_user
--

ALTER TABLE ONLY public.auth_group_permissions
    ADD CONSTRAINT auth_group_permissions_group_id_permission_id_0cd325b0_uniq UNIQUE (group_id, permission_id);


--
-- Name: auth_group_permissions auth_group_permissions_pkey; Type: CONSTRAINT; Schema: public; Owner: esl_user
--

ALTER TABLE ONLY public.auth_group_permissions
    ADD CONSTRAINT auth_group_permissions_pkey PRIMARY KEY (id);


--
-- Name: auth_group auth_group_pkey; Type: CONSTRAINT; Schema: public; Owner: esl_user
--

ALTER TABLE ONLY public.auth_group
    ADD CONSTRAINT auth_group_pkey PRIMARY KEY (id);


--
-- Name: auth_permission auth_permission_content_type_id_codename_01ab375a_uniq; Type: CONSTRAINT; Schema: public; Owner: esl_user
--

ALTER TABLE ONLY public.auth_permission
    ADD CONSTRAINT auth_permission_content_type_id_codename_01ab375a_uniq UNIQUE (content_type_id, codename);


--
-- Name: auth_permission auth_permission_pkey; Type: CONSTRAINT; Schema: public; Owner: esl_user
--

ALTER TABLE ONLY public.auth_permission
    ADD CONSTRAINT auth_permission_pkey PRIMARY KEY (id);


--
-- Name: chat_chatroom chat_chatroom_pkey; Type: CONSTRAINT; Schema: public; Owner: esl_user
--

ALTER TABLE ONLY public.chat_chatroom
    ADD CONSTRAINT chat_chatroom_pkey PRIMARY KEY (id);


--
-- Name: chat_chatroom chat_chatroom_user_id_topic_43067b7f_uniq; Type: CONSTRAINT; Schema: public; Owner: esl_user
--

ALTER TABLE ONLY public.chat_chatroom
    ADD CONSTRAINT chat_chatroom_user_id_topic_43067b7f_uniq UNIQUE (user_id, topic);


--
-- Name: conversation_voiceconversation conversation_voiceconversation_pkey; Type: CONSTRAINT; Schema: public; Owner: esl_user
--

ALTER TABLE ONLY public.conversation_voiceconversation
    ADD CONSTRAINT conversation_voiceconversation_pkey PRIMARY KEY (id);


--
-- Name: conversation_voiceconversation conversation_voiceconversation_user_id_topic_3b0cb5a2_uniq; Type: CONSTRAINT; Schema: public; Owner: esl_user
--

ALTER TABLE ONLY public.conversation_voiceconversation
    ADD CONSTRAINT conversation_voiceconversation_user_id_topic_3b0cb5a2_uniq UNIQUE (user_id, topic);


--
-- Name: conversation_voicemessage conversation_voicemessage_pkey; Type: CONSTRAINT; Schema: public; Owner: esl_user
--

ALTER TABLE ONLY public.conversation_voicemessage
    ADD CONSTRAINT conversation_voicemessage_pkey PRIMARY KEY (id);


--
-- Name: django_admin_log django_admin_log_pkey; Type: CONSTRAINT; Schema: public; Owner: esl_user
--

ALTER TABLE ONLY public.django_admin_log
    ADD CONSTRAINT django_admin_log_pkey PRIMARY KEY (id);


--
-- Name: django_content_type django_content_type_app_label_model_76bd3d3b_uniq; Type: CONSTRAINT; Schema: public; Owner: esl_user
--

ALTER TABLE ONLY public.django_content_type
    ADD CONSTRAINT django_content_type_app_label_model_76bd3d3b_uniq UNIQUE (app_label, model);


--
-- Name: django_content_type django_content_type_pkey; Type: CONSTRAINT; Schema: public; Owner: esl_user
--

ALTER TABLE ONLY public.django_content_type
    ADD CONSTRAINT django_content_type_pkey PRIMARY KEY (id);


--
-- Name: django_migrations django_migrations_pkey; Type: CONSTRAINT; Schema: public; Owner: esl_user
--

ALTER TABLE ONLY public.django_migrations
    ADD CONSTRAINT django_migrations_pkey PRIMARY KEY (id);


--
-- Name: django_session django_session_pkey; Type: CONSTRAINT; Schema: public; Owner: esl_user
--

ALTER TABLE ONLY public.django_session
    ADD CONSTRAINT django_session_pkey PRIMARY KEY (session_key);


--
-- Name: exercises_exercise exercises_exercise_pkey; Type: CONSTRAINT; Schema: public; Owner: esl_user
--

ALTER TABLE ONLY public.exercises_exercise
    ADD CONSTRAINT exercises_exercise_pkey PRIMARY KEY (id);


--
-- Name: exercises_exerciseattempt exercises_exerciseattempt_pkey; Type: CONSTRAINT; Schema: public; Owner: esl_user
--

ALTER TABLE ONLY public.exercises_exerciseattempt
    ADD CONSTRAINT exercises_exerciseattempt_pkey PRIMARY KEY (id);


--
-- Name: exercises_exerciseblank exercises_exerciseblank_pkey; Type: CONSTRAINT; Schema: public; Owner: esl_user
--

ALTER TABLE ONLY public.exercises_exerciseblank
    ADD CONSTRAINT exercises_exerciseblank_pkey PRIMARY KEY (id);


--
-- Name: pronunciation_mispronouncedwordglobal pronunciation_mispronoun_user_id_word_7aedb58e_uniq; Type: CONSTRAINT; Schema: public; Owner: esl_user
--

ALTER TABLE ONLY public.pronunciation_mispronouncedwordglobal
    ADD CONSTRAINT pronunciation_mispronoun_user_id_word_7aedb58e_uniq UNIQUE (user_id, word);


--
-- Name: pronunciation_mispronouncedword pronunciation_mispronouncedword_pkey; Type: CONSTRAINT; Schema: public; Owner: esl_user
--

ALTER TABLE ONLY public.pronunciation_mispronouncedword
    ADD CONSTRAINT pronunciation_mispronouncedword_pkey PRIMARY KEY (id);


--
-- Name: pronunciation_mispronouncedwordglobal pronunciation_mispronouncedwordglobal_pkey; Type: CONSTRAINT; Schema: public; Owner: esl_user
--

ALTER TABLE ONLY public.pronunciation_mispronouncedwordglobal
    ADD CONSTRAINT pronunciation_mispronouncedwordglobal_pkey PRIMARY KEY (id);


--
-- Name: pronunciation_pronunciationattempt pronunciation_pronunciationattempt_pkey; Type: CONSTRAINT; Schema: public; Owner: esl_user
--

ALTER TABLE ONLY public.pronunciation_pronunciationattempt
    ADD CONSTRAINT pronunciation_pronunciationattempt_pkey PRIMARY KEY (id);


--
-- Name: pronunciation_pronunciationexercise pronunciation_pronunciationexercise_pkey; Type: CONSTRAINT; Schema: public; Owner: esl_user
--

ALTER TABLE ONLY public.pronunciation_pronunciationexercise
    ADD CONSTRAINT pronunciation_pronunciationexercise_pkey PRIMARY KEY (id);


--
-- Name: stats_achievement stats_achievement_key_key; Type: CONSTRAINT; Schema: public; Owner: esl_user
--

ALTER TABLE ONLY public.stats_achievement
    ADD CONSTRAINT stats_achievement_key_key UNIQUE (code);


--
-- Name: stats_achievement stats_achievement_pkey; Type: CONSTRAINT; Schema: public; Owner: esl_user
--

ALTER TABLE ONLY public.stats_achievement
    ADD CONSTRAINT stats_achievement_pkey PRIMARY KEY (id);


--
-- Name: stats_eventlog stats_eventlog_pkey; Type: CONSTRAINT; Schema: public; Owner: esl_user
--

ALTER TABLE ONLY public.stats_eventlog
    ADD CONSTRAINT stats_eventlog_pkey PRIMARY KEY (id);


--
-- Name: stats_unlockedachievement stats_unlockedachievemen_user_progress_id_achieve_0174040e_uniq; Type: CONSTRAINT; Schema: public; Owner: esl_user
--

ALTER TABLE ONLY public.stats_unlockedachievement
    ADD CONSTRAINT stats_unlockedachievemen_user_progress_id_achieve_0174040e_uniq UNIQUE (user_progress_id, achievement_id);


--
-- Name: stats_unlockedachievement stats_unlockedachievement_pkey; Type: CONSTRAINT; Schema: public; Owner: esl_user
--

ALTER TABLE ONLY public.stats_unlockedachievement
    ADD CONSTRAINT stats_unlockedachievement_pkey PRIMARY KEY (id);


--
-- Name: stats_userprogress stats_userprogress_pkey; Type: CONSTRAINT; Schema: public; Owner: esl_user
--

ALTER TABLE ONLY public.stats_userprogress
    ADD CONSTRAINT stats_userprogress_pkey PRIMARY KEY (id);


--
-- Name: stats_userprogress stats_userprogress_user_id_key; Type: CONSTRAINT; Schema: public; Owner: esl_user
--

ALTER TABLE ONLY public.stats_userprogress
    ADD CONSTRAINT stats_userprogress_user_id_key UNIQUE (user_id);


--
-- Name: subscriptions_plan subscriptions_plan_name_key; Type: CONSTRAINT; Schema: public; Owner: esl_user
--

ALTER TABLE ONLY public.subscriptions_plan
    ADD CONSTRAINT subscriptions_plan_name_key UNIQUE (name);


--
-- Name: subscriptions_plan subscriptions_plan_pkey; Type: CONSTRAINT; Schema: public; Owner: esl_user
--

ALTER TABLE ONLY public.subscriptions_plan
    ADD CONSTRAINT subscriptions_plan_pkey PRIMARY KEY (id);


--
-- Name: subscriptions_usersubscription subscriptions_usersubscription_pkey; Type: CONSTRAINT; Schema: public; Owner: esl_user
--

ALTER TABLE ONLY public.subscriptions_usersubscription
    ADD CONSTRAINT subscriptions_usersubscription_pkey PRIMARY KEY (id);


--
-- Name: subscriptions_usersubscription subscriptions_usersubscription_user_id_key; Type: CONSTRAINT; Schema: public; Owner: esl_user
--

ALTER TABLE ONLY public.subscriptions_usersubscription
    ADD CONSTRAINT subscriptions_usersubscription_user_id_key UNIQUE (user_id);


--
-- Name: token_blacklist_blacklistedtoken token_blacklist_blacklistedtoken_pkey; Type: CONSTRAINT; Schema: public; Owner: esl_user
--

ALTER TABLE ONLY public.token_blacklist_blacklistedtoken
    ADD CONSTRAINT token_blacklist_blacklistedtoken_pkey PRIMARY KEY (id);


--
-- Name: token_blacklist_blacklistedtoken token_blacklist_blacklistedtoken_token_id_key; Type: CONSTRAINT; Schema: public; Owner: esl_user
--

ALTER TABLE ONLY public.token_blacklist_blacklistedtoken
    ADD CONSTRAINT token_blacklist_blacklistedtoken_token_id_key UNIQUE (token_id);


--
-- Name: token_blacklist_outstandingtoken token_blacklist_outstandingtoken_jti_hex_d9bdf6f7_uniq; Type: CONSTRAINT; Schema: public; Owner: esl_user
--

ALTER TABLE ONLY public.token_blacklist_outstandingtoken
    ADD CONSTRAINT token_blacklist_outstandingtoken_jti_hex_d9bdf6f7_uniq UNIQUE (jti);


--
-- Name: token_blacklist_outstandingtoken token_blacklist_outstandingtoken_pkey; Type: CONSTRAINT; Schema: public; Owner: esl_user
--

ALTER TABLE ONLY public.token_blacklist_outstandingtoken
    ADD CONSTRAINT token_blacklist_outstandingtoken_pkey PRIMARY KEY (id);


--
-- Name: accounts_customuser_groups_customuser_id_bc55088e; Type: INDEX; Schema: public; Owner: esl_user
--

CREATE INDEX accounts_customuser_groups_customuser_id_bc55088e ON public.accounts_customuser_groups USING btree (customuser_id);


--
-- Name: accounts_customuser_groups_group_id_86ba5f9e; Type: INDEX; Schema: public; Owner: esl_user
--

CREATE INDEX accounts_customuser_groups_group_id_86ba5f9e ON public.accounts_customuser_groups USING btree (group_id);


--
-- Name: accounts_customuser_user_permissions_customuser_id_0deaefae; Type: INDEX; Schema: public; Owner: esl_user
--

CREATE INDEX accounts_customuser_user_permissions_customuser_id_0deaefae ON public.accounts_customuser_user_permissions USING btree (customuser_id);


--
-- Name: accounts_customuser_user_permissions_permission_id_aea3d0e5; Type: INDEX; Schema: public; Owner: esl_user
--

CREATE INDEX accounts_customuser_user_permissions_permission_id_aea3d0e5 ON public.accounts_customuser_user_permissions USING btree (permission_id);


--
-- Name: accounts_customuser_username_722f3555_like; Type: INDEX; Schema: public; Owner: esl_user
--

CREATE INDEX accounts_customuser_username_722f3555_like ON public.accounts_customuser USING btree (username varchar_pattern_ops);


--
-- Name: accounts_emailconfirmation_user_id_0e279d78; Type: INDEX; Schema: public; Owner: esl_user
--

CREATE INDEX accounts_emailconfirmation_user_id_0e279d78 ON public.accounts_emailconfirmation USING btree (user_id);


--
-- Name: accounts_passwordresettoken_user_id_2789bc5c; Type: INDEX; Schema: public; Owner: esl_user
--

CREATE INDEX accounts_passwordresettoken_user_id_2789bc5c ON public.accounts_passwordresettoken USING btree (user_id);


--
-- Name: auth_group_name_a6ea08ec_like; Type: INDEX; Schema: public; Owner: esl_user
--

CREATE INDEX auth_group_name_a6ea08ec_like ON public.auth_group USING btree (name varchar_pattern_ops);


--
-- Name: auth_group_permissions_group_id_b120cbf9; Type: INDEX; Schema: public; Owner: esl_user
--

CREATE INDEX auth_group_permissions_group_id_b120cbf9 ON public.auth_group_permissions USING btree (group_id);


--
-- Name: auth_group_permissions_permission_id_84c5c92e; Type: INDEX; Schema: public; Owner: esl_user
--

CREATE INDEX auth_group_permissions_permission_id_84c5c92e ON public.auth_group_permissions USING btree (permission_id);


--
-- Name: auth_permission_content_type_id_2f476e4b; Type: INDEX; Schema: public; Owner: esl_user
--

CREATE INDEX auth_permission_content_type_id_2f476e4b ON public.auth_permission USING btree (content_type_id);


--
-- Name: chat_chatroom_user_id_80e8b860; Type: INDEX; Schema: public; Owner: esl_user
--

CREATE INDEX chat_chatroom_user_id_80e8b860 ON public.chat_chatroom USING btree (user_id);


--
-- Name: conversation_voiceconversation_user_id_382229b6; Type: INDEX; Schema: public; Owner: esl_user
--

CREATE INDEX conversation_voiceconversation_user_id_382229b6 ON public.conversation_voiceconversation USING btree (user_id);


--
-- Name: conversation_voicemessage_conversation_id_057ef0ef; Type: INDEX; Schema: public; Owner: esl_user
--

CREATE INDEX conversation_voicemessage_conversation_id_057ef0ef ON public.conversation_voicemessage USING btree (conversation_id);


--
-- Name: django_admin_log_content_type_id_c4bce8eb; Type: INDEX; Schema: public; Owner: esl_user
--

CREATE INDEX django_admin_log_content_type_id_c4bce8eb ON public.django_admin_log USING btree (content_type_id);


--
-- Name: django_admin_log_user_id_c564eba6; Type: INDEX; Schema: public; Owner: esl_user
--

CREATE INDEX django_admin_log_user_id_c564eba6 ON public.django_admin_log USING btree (user_id);


--
-- Name: django_session_expire_date_a5c62663; Type: INDEX; Schema: public; Owner: esl_user
--

CREATE INDEX django_session_expire_date_a5c62663 ON public.django_session USING btree (expire_date);


--
-- Name: django_session_session_key_c0390e0f_like; Type: INDEX; Schema: public; Owner: esl_user
--

CREATE INDEX django_session_session_key_c0390e0f_like ON public.django_session USING btree (session_key varchar_pattern_ops);


--
-- Name: exercises_exercise_creator_id_9c47e4fe; Type: INDEX; Schema: public; Owner: esl_user
--

CREATE INDEX exercises_exercise_creator_id_9c47e4fe ON public.exercises_exercise USING btree (creator_id);


--
-- Name: exercises_exerciseattempt_exercise_id_21526ace; Type: INDEX; Schema: public; Owner: esl_user
--

CREATE INDEX exercises_exerciseattempt_exercise_id_21526ace ON public.exercises_exerciseattempt USING btree (exercise_id);


--
-- Name: exercises_exerciseattempt_user_id_9af2a88f; Type: INDEX; Schema: public; Owner: esl_user
--

CREATE INDEX exercises_exerciseattempt_user_id_9af2a88f ON public.exercises_exerciseattempt USING btree (user_id);


--
-- Name: exercises_exerciseblank_exercise_id_380c9c28; Type: INDEX; Schema: public; Owner: esl_user
--

CREATE INDEX exercises_exerciseblank_exercise_id_380c9c28 ON public.exercises_exerciseblank USING btree (exercise_id);


--
-- Name: pronunciation_mispronouncedword_attempt_id_e9992289; Type: INDEX; Schema: public; Owner: esl_user
--

CREATE INDEX pronunciation_mispronouncedword_attempt_id_e9992289 ON public.pronunciation_mispronouncedword USING btree (attempt_id);


--
-- Name: pronunciation_mispronouncedwordglobal_user_id_83cece41; Type: INDEX; Schema: public; Owner: esl_user
--

CREATE INDEX pronunciation_mispronouncedwordglobal_user_id_83cece41 ON public.pronunciation_mispronouncedwordglobal USING btree (user_id);


--
-- Name: pronunciation_pronunciationattempt_exercise_id_9262f65e; Type: INDEX; Schema: public; Owner: esl_user
--

CREATE INDEX pronunciation_pronunciationattempt_exercise_id_9262f65e ON public.pronunciation_pronunciationattempt USING btree (exercise_id);


--
-- Name: pronunciation_pronunciationattempt_user_id_92b00dc2; Type: INDEX; Schema: public; Owner: esl_user
--

CREATE INDEX pronunciation_pronunciationattempt_user_id_92b00dc2 ON public.pronunciation_pronunciationattempt USING btree (user_id);


--
-- Name: stats_achievement_key_cfd8ee8b_like; Type: INDEX; Schema: public; Owner: esl_user
--

CREATE INDEX stats_achievement_key_cfd8ee8b_like ON public.stats_achievement USING btree (code varchar_pattern_ops);


--
-- Name: stats_eventlog_user_id_0140d28c; Type: INDEX; Schema: public; Owner: esl_user
--

CREATE INDEX stats_eventlog_user_id_0140d28c ON public.stats_eventlog USING btree (user_id);


--
-- Name: stats_unlockedachievement_achievement_id_3d3a645b; Type: INDEX; Schema: public; Owner: esl_user
--

CREATE INDEX stats_unlockedachievement_achievement_id_3d3a645b ON public.stats_unlockedachievement USING btree (achievement_id);


--
-- Name: stats_unlockedachievement_user_progress_id_f9a75504; Type: INDEX; Schema: public; Owner: esl_user
--

CREATE INDEX stats_unlockedachievement_user_progress_id_f9a75504 ON public.stats_unlockedachievement USING btree (user_progress_id);


--
-- Name: subscriptions_plan_name_9815df88_like; Type: INDEX; Schema: public; Owner: esl_user
--

CREATE INDEX subscriptions_plan_name_9815df88_like ON public.subscriptions_plan USING btree (name varchar_pattern_ops);


--
-- Name: subscriptions_usersubscription_plan_id_553a4857; Type: INDEX; Schema: public; Owner: esl_user
--

CREATE INDEX subscriptions_usersubscription_plan_id_553a4857 ON public.subscriptions_usersubscription USING btree (plan_id);


--
-- Name: token_blacklist_outstandingtoken_jti_hex_d9bdf6f7_like; Type: INDEX; Schema: public; Owner: esl_user
--

CREATE INDEX token_blacklist_outstandingtoken_jti_hex_d9bdf6f7_like ON public.token_blacklist_outstandingtoken USING btree (jti varchar_pattern_ops);


--
-- Name: token_blacklist_outstandingtoken_user_id_83bc629a; Type: INDEX; Schema: public; Owner: esl_user
--

CREATE INDEX token_blacklist_outstandingtoken_user_id_83bc629a ON public.token_blacklist_outstandingtoken USING btree (user_id);


--
-- Name: accounts_customuser_user_permissions accounts_customuser__customuser_id_0deaefae_fk_accounts_; Type: FK CONSTRAINT; Schema: public; Owner: esl_user
--

ALTER TABLE ONLY public.accounts_customuser_user_permissions
    ADD CONSTRAINT accounts_customuser__customuser_id_0deaefae_fk_accounts_ FOREIGN KEY (customuser_id) REFERENCES public.accounts_customuser(id) DEFERRABLE INITIALLY DEFERRED;


--
-- Name: accounts_customuser_groups accounts_customuser__customuser_id_bc55088e_fk_accounts_; Type: FK CONSTRAINT; Schema: public; Owner: esl_user
--

ALTER TABLE ONLY public.accounts_customuser_groups
    ADD CONSTRAINT accounts_customuser__customuser_id_bc55088e_fk_accounts_ FOREIGN KEY (customuser_id) REFERENCES public.accounts_customuser(id) DEFERRABLE INITIALLY DEFERRED;


--
-- Name: accounts_customuser_user_permissions accounts_customuser__permission_id_aea3d0e5_fk_auth_perm; Type: FK CONSTRAINT; Schema: public; Owner: esl_user
--

ALTER TABLE ONLY public.accounts_customuser_user_permissions
    ADD CONSTRAINT accounts_customuser__permission_id_aea3d0e5_fk_auth_perm FOREIGN KEY (permission_id) REFERENCES public.auth_permission(id) DEFERRABLE INITIALLY DEFERRED;


--
-- Name: accounts_customuser_groups accounts_customuser_groups_group_id_86ba5f9e_fk_auth_group_id; Type: FK CONSTRAINT; Schema: public; Owner: esl_user
--

ALTER TABLE ONLY public.accounts_customuser_groups
    ADD CONSTRAINT accounts_customuser_groups_group_id_86ba5f9e_fk_auth_group_id FOREIGN KEY (group_id) REFERENCES public.auth_group(id) DEFERRABLE INITIALLY DEFERRED;


--
-- Name: accounts_emailconfirmation accounts_emailconfir_user_id_0e279d78_fk_accounts_; Type: FK CONSTRAINT; Schema: public; Owner: esl_user
--

ALTER TABLE ONLY public.accounts_emailconfirmation
    ADD CONSTRAINT accounts_emailconfir_user_id_0e279d78_fk_accounts_ FOREIGN KEY (user_id) REFERENCES public.accounts_customuser(id) DEFERRABLE INITIALLY DEFERRED;


--
-- Name: accounts_passwordresettoken accounts_passwordres_user_id_2789bc5c_fk_accounts_; Type: FK CONSTRAINT; Schema: public; Owner: esl_user
--

ALTER TABLE ONLY public.accounts_passwordresettoken
    ADD CONSTRAINT accounts_passwordres_user_id_2789bc5c_fk_accounts_ FOREIGN KEY (user_id) REFERENCES public.accounts_customuser(id) DEFERRABLE INITIALLY DEFERRED;


--
-- Name: auth_group_permissions auth_group_permissio_permission_id_84c5c92e_fk_auth_perm; Type: FK CONSTRAINT; Schema: public; Owner: esl_user
--

ALTER TABLE ONLY public.auth_group_permissions
    ADD CONSTRAINT auth_group_permissio_permission_id_84c5c92e_fk_auth_perm FOREIGN KEY (permission_id) REFERENCES public.auth_permission(id) DEFERRABLE INITIALLY DEFERRED;


--
-- Name: auth_group_permissions auth_group_permissions_group_id_b120cbf9_fk_auth_group_id; Type: FK CONSTRAINT; Schema: public; Owner: esl_user
--

ALTER TABLE ONLY public.auth_group_permissions
    ADD CONSTRAINT auth_group_permissions_group_id_b120cbf9_fk_auth_group_id FOREIGN KEY (group_id) REFERENCES public.auth_group(id) DEFERRABLE INITIALLY DEFERRED;


--
-- Name: auth_permission auth_permission_content_type_id_2f476e4b_fk_django_co; Type: FK CONSTRAINT; Schema: public; Owner: esl_user
--

ALTER TABLE ONLY public.auth_permission
    ADD CONSTRAINT auth_permission_content_type_id_2f476e4b_fk_django_co FOREIGN KEY (content_type_id) REFERENCES public.django_content_type(id) DEFERRABLE INITIALLY DEFERRED;


--
-- Name: chat_chatroom chat_chatroom_user_id_80e8b860_fk_accounts_customuser_id; Type: FK CONSTRAINT; Schema: public; Owner: esl_user
--

ALTER TABLE ONLY public.chat_chatroom
    ADD CONSTRAINT chat_chatroom_user_id_80e8b860_fk_accounts_customuser_id FOREIGN KEY (user_id) REFERENCES public.accounts_customuser(id) DEFERRABLE INITIALLY DEFERRED;


--
-- Name: conversation_voiceconversation conversation_voiceco_user_id_382229b6_fk_accounts_; Type: FK CONSTRAINT; Schema: public; Owner: esl_user
--

ALTER TABLE ONLY public.conversation_voiceconversation
    ADD CONSTRAINT conversation_voiceco_user_id_382229b6_fk_accounts_ FOREIGN KEY (user_id) REFERENCES public.accounts_customuser(id) DEFERRABLE INITIALLY DEFERRED;


--
-- Name: conversation_voicemessage conversation_voiceme_conversation_id_057ef0ef_fk_conversat; Type: FK CONSTRAINT; Schema: public; Owner: esl_user
--

ALTER TABLE ONLY public.conversation_voicemessage
    ADD CONSTRAINT conversation_voiceme_conversation_id_057ef0ef_fk_conversat FOREIGN KEY (conversation_id) REFERENCES public.conversation_voiceconversation(id) DEFERRABLE INITIALLY DEFERRED;


--
-- Name: django_admin_log django_admin_log_content_type_id_c4bce8eb_fk_django_co; Type: FK CONSTRAINT; Schema: public; Owner: esl_user
--

ALTER TABLE ONLY public.django_admin_log
    ADD CONSTRAINT django_admin_log_content_type_id_c4bce8eb_fk_django_co FOREIGN KEY (content_type_id) REFERENCES public.django_content_type(id) DEFERRABLE INITIALLY DEFERRED;


--
-- Name: django_admin_log django_admin_log_user_id_c564eba6_fk_accounts_customuser_id; Type: FK CONSTRAINT; Schema: public; Owner: esl_user
--

ALTER TABLE ONLY public.django_admin_log
    ADD CONSTRAINT django_admin_log_user_id_c564eba6_fk_accounts_customuser_id FOREIGN KEY (user_id) REFERENCES public.accounts_customuser(id) DEFERRABLE INITIALLY DEFERRED;


--
-- Name: exercises_exercise exercises_exercise_creator_id_9c47e4fe_fk_accounts_; Type: FK CONSTRAINT; Schema: public; Owner: esl_user
--

ALTER TABLE ONLY public.exercises_exercise
    ADD CONSTRAINT exercises_exercise_creator_id_9c47e4fe_fk_accounts_ FOREIGN KEY (creator_id) REFERENCES public.accounts_customuser(id) DEFERRABLE INITIALLY DEFERRED;


--
-- Name: exercises_exerciseattempt exercises_exerciseat_exercise_id_21526ace_fk_exercises; Type: FK CONSTRAINT; Schema: public; Owner: esl_user
--

ALTER TABLE ONLY public.exercises_exerciseattempt
    ADD CONSTRAINT exercises_exerciseat_exercise_id_21526ace_fk_exercises FOREIGN KEY (exercise_id) REFERENCES public.exercises_exercise(id) DEFERRABLE INITIALLY DEFERRED;


--
-- Name: exercises_exerciseattempt exercises_exerciseat_user_id_9af2a88f_fk_accounts_; Type: FK CONSTRAINT; Schema: public; Owner: esl_user
--

ALTER TABLE ONLY public.exercises_exerciseattempt
    ADD CONSTRAINT exercises_exerciseat_user_id_9af2a88f_fk_accounts_ FOREIGN KEY (user_id) REFERENCES public.accounts_customuser(id) DEFERRABLE INITIALLY DEFERRED;


--
-- Name: exercises_exerciseblank exercises_exercisebl_exercise_id_380c9c28_fk_exercises; Type: FK CONSTRAINT; Schema: public; Owner: esl_user
--

ALTER TABLE ONLY public.exercises_exerciseblank
    ADD CONSTRAINT exercises_exercisebl_exercise_id_380c9c28_fk_exercises FOREIGN KEY (exercise_id) REFERENCES public.exercises_exercise(id) DEFERRABLE INITIALLY DEFERRED;


--
-- Name: pronunciation_mispronouncedword pronunciation_mispro_attempt_id_e9992289_fk_pronuncia; Type: FK CONSTRAINT; Schema: public; Owner: esl_user
--

ALTER TABLE ONLY public.pronunciation_mispronouncedword
    ADD CONSTRAINT pronunciation_mispro_attempt_id_e9992289_fk_pronuncia FOREIGN KEY (attempt_id) REFERENCES public.pronunciation_pronunciationattempt(id) DEFERRABLE INITIALLY DEFERRED;


--
-- Name: pronunciation_mispronouncedwordglobal pronunciation_mispro_user_id_83cece41_fk_accounts_; Type: FK CONSTRAINT; Schema: public; Owner: esl_user
--

ALTER TABLE ONLY public.pronunciation_mispronouncedwordglobal
    ADD CONSTRAINT pronunciation_mispro_user_id_83cece41_fk_accounts_ FOREIGN KEY (user_id) REFERENCES public.accounts_customuser(id) DEFERRABLE INITIALLY DEFERRED;


--
-- Name: pronunciation_pronunciationattempt pronunciation_pronun_exercise_id_9262f65e_fk_pronuncia; Type: FK CONSTRAINT; Schema: public; Owner: esl_user
--

ALTER TABLE ONLY public.pronunciation_pronunciationattempt
    ADD CONSTRAINT pronunciation_pronun_exercise_id_9262f65e_fk_pronuncia FOREIGN KEY (exercise_id) REFERENCES public.pronunciation_pronunciationexercise(id) DEFERRABLE INITIALLY DEFERRED;


--
-- Name: pronunciation_pronunciationattempt pronunciation_pronun_user_id_92b00dc2_fk_accounts_; Type: FK CONSTRAINT; Schema: public; Owner: esl_user
--

ALTER TABLE ONLY public.pronunciation_pronunciationattempt
    ADD CONSTRAINT pronunciation_pronun_user_id_92b00dc2_fk_accounts_ FOREIGN KEY (user_id) REFERENCES public.accounts_customuser(id) DEFERRABLE INITIALLY DEFERRED;


--
-- Name: stats_eventlog stats_eventlog_user_id_0140d28c_fk_accounts_customuser_id; Type: FK CONSTRAINT; Schema: public; Owner: esl_user
--

ALTER TABLE ONLY public.stats_eventlog
    ADD CONSTRAINT stats_eventlog_user_id_0140d28c_fk_accounts_customuser_id FOREIGN KEY (user_id) REFERENCES public.accounts_customuser(id) DEFERRABLE INITIALLY DEFERRED;


--
-- Name: stats_unlockedachievement stats_unlockedachiev_achievement_id_3d3a645b_fk_stats_ach; Type: FK CONSTRAINT; Schema: public; Owner: esl_user
--

ALTER TABLE ONLY public.stats_unlockedachievement
    ADD CONSTRAINT stats_unlockedachiev_achievement_id_3d3a645b_fk_stats_ach FOREIGN KEY (achievement_id) REFERENCES public.stats_achievement(id) DEFERRABLE INITIALLY DEFERRED;


--
-- Name: stats_unlockedachievement stats_unlockedachiev_user_progress_id_f9a75504_fk_stats_use; Type: FK CONSTRAINT; Schema: public; Owner: esl_user
--

ALTER TABLE ONLY public.stats_unlockedachievement
    ADD CONSTRAINT stats_unlockedachiev_user_progress_id_f9a75504_fk_stats_use FOREIGN KEY (user_progress_id) REFERENCES public.stats_userprogress(id) DEFERRABLE INITIALLY DEFERRED;


--
-- Name: stats_userprogress stats_userprogress_user_id_30923a93_fk_accounts_customuser_id; Type: FK CONSTRAINT; Schema: public; Owner: esl_user
--

ALTER TABLE ONLY public.stats_userprogress
    ADD CONSTRAINT stats_userprogress_user_id_30923a93_fk_accounts_customuser_id FOREIGN KEY (user_id) REFERENCES public.accounts_customuser(id) DEFERRABLE INITIALLY DEFERRED;


--
-- Name: subscriptions_usersubscription subscriptions_usersu_plan_id_553a4857_fk_subscript; Type: FK CONSTRAINT; Schema: public; Owner: esl_user
--

ALTER TABLE ONLY public.subscriptions_usersubscription
    ADD CONSTRAINT subscriptions_usersu_plan_id_553a4857_fk_subscript FOREIGN KEY (plan_id) REFERENCES public.subscriptions_plan(id) DEFERRABLE INITIALLY DEFERRED;


--
-- Name: subscriptions_usersubscription subscriptions_usersu_user_id_fd3f47a9_fk_accounts_; Type: FK CONSTRAINT; Schema: public; Owner: esl_user
--

ALTER TABLE ONLY public.subscriptions_usersubscription
    ADD CONSTRAINT subscriptions_usersu_user_id_fd3f47a9_fk_accounts_ FOREIGN KEY (user_id) REFERENCES public.accounts_customuser(id) DEFERRABLE INITIALLY DEFERRED;


--
-- Name: token_blacklist_blacklistedtoken token_blacklist_blacklistedtoken_token_id_3cc7fe56_fk; Type: FK CONSTRAINT; Schema: public; Owner: esl_user
--

ALTER TABLE ONLY public.token_blacklist_blacklistedtoken
    ADD CONSTRAINT token_blacklist_blacklistedtoken_token_id_3cc7fe56_fk FOREIGN KEY (token_id) REFERENCES public.token_blacklist_outstandingtoken(id) DEFERRABLE INITIALLY DEFERRED;


--
-- Name: token_blacklist_outstandingtoken token_blacklist_outs_user_id_83bc629a_fk_accounts_; Type: FK CONSTRAINT; Schema: public; Owner: esl_user
--

ALTER TABLE ONLY public.token_blacklist_outstandingtoken
    ADD CONSTRAINT token_blacklist_outs_user_id_83bc629a_fk_accounts_ FOREIGN KEY (user_id) REFERENCES public.accounts_customuser(id) DEFERRABLE INITIALLY DEFERRED;


--
-- PostgreSQL database dump complete
--

